Date,FA#,Condition,Temperature,Colony,Rep_1,Rep_2,Rep_3,Rep_4,Rep_5
2024-03-12 10:00:00,5.0,20S,37.0,1.0,0.108,0.38,0.266,0.502,0.275
2024-03-12 10:00:00,5.0,20S,20.0,1.0,0.225,0.248,0.186,0.204,0.175
2024-03-12 10:00:00,5.0,20S,37.0,2.0,0.314,0.297,0.271,0.343,0.235
2024-03-12 10:00:00,5.0,20S,20.0,2.0,0.214,0.322,0.236,0.266,0.168
2024-03-12 10:00:00,5.0,20S,37.0,3.0,0.088,0.373,0.453,0.333,0.196
2024-03-12 10:00:00,5.0,20S,20.0,3.0,0.363,0.262,0.216,0.31,0.352
2024-03-12 10:00:00,5.0,20S,37.0,4.0,0.403,0.459,0.401,0.454,0.144
2024-03-12 10:00:00,5.0,20S,20.0,4.0,0.26,0.298,0.238,0.351,0.147
2024-03-12 10:00:00,5.0,20S,37.0,5.0,0.118,0.221,0.305,0.245,0.204
2024-03-12 10:00:00,5.0,20S,20.0,5.0,0.228,0.257,0.247,0.298,0.193
2024-03-12 10:00:00,5.0,20S,37.0,6.0,0.332,0.151,0.369,0.359,0.261
2024-03-12 10:00:00,5.0,20S,20.0,6.0,0.235,0.324,0.278,0.227,0.197
2024-03-12 10:00:00,5.0,20S,37.0,7.0,0.326,0.187,0.23,0.376,0.289
2024-03-12 10:00:00,5.0,20S,20.0,7.0,0.302,0.372,0.287,0.337,0.33
2024-03-12 10:00:00,5.0,20S,37.0,8.0,0.489,0.502,0.484,0.509,0.612
2024-03-12 10:00:00,5.0,20S,20.0,8.0,0.267,0.295,0.346,0.188,0.165
2024-03-12 10:00:00,5.0,20S,37.0,9.0,0.327,0.304,0.232,0.164,0.2
2024-03-12 10:00:00,5.0,20S,20.0,9.0,0.217,0.181,0.308,0.371,0.274
2024-03-12 10:00:00,5.0,20S,37.0,10.0,0.254,0.22,0.407,0.295,0.175
2024-03-12 10:00:00,5.0,20S,20.0,10.0,0.298,0.272,0.294,0.272,0.357
2024-03-12 10:00:00,5.0,20S,37.0,11.0,0.308,0.271,0.254,0.269,0.313
2024-03-12 10:00:00,5.0,20S,20.0,11.0,0.226,0.319,0.263,0.213,0.341
2024-03-12 10:00:00,5.0,20S,37.0,12.0,0.556,0.497,0.557,0.591,0.413
2024-03-12 10:00:00,5.0,20S,20.0,12.0,0.199,0.269,0.277,0.312,0.264
2024-03-12 10:00:00,5.0,37S,37.0,1.0,0.864,0.785,0.711,0.789,0.6
2024-03-12 10:00:00,5.0,37S,20.0,1.0,0.357,0.266,0.296,0.236,0.285
2024-03-12 10:00:00,5.0,37S,37.0,2.0,0.493,0.184,0.514,0.431,0.568
2024-03-12 10:00:00,5.0,37S,20.0,2.0,0.261,0.224,0.261,0.212,0.211
2024-03-12 10:00:00,5.0,37S,37.0,3.0,0.702,0.615,0.682,0.541,0.632
2024-03-12 10:00:00,5.0,37S,20.0,3.0,0.24,0.201,0.264,0.192,0.271
2024-03-12 10:00:00,5.0,37S,37.0,4.0,0.31,0.455,0.358,0.404,0.273
2024-03-12 10:00:00,5.0,37S,20.0,4.0,0.237,0.327,0.384,0.302,0.316
2024-03-12 10:00:00,5.0,37S,37.0,5.0,0.582,0.333,0.426,0.363,0.651
2024-03-12 10:00:00,5.0,37S,20.0,5.0,0.234,0.303,0.281,0.275,0.258
2024-03-12 10:00:00,5.0,37S,37.0,6.0,0.302,0.492,0.504,0.437,0.564
2024-03-12 10:00:00,5.0,37S,20.0,6.0,0.32,0.346,0.345,0.282,0.373
2024-03-12 10:00:00,5.0,37S,37.0,7.0,0.465,0.335,0.263,0.285,0.452
2024-03-12 10:00:00,5.0,37S,20.0,7.0,0.292,0.264,0.32,0.358,0.359
2024-03-12 10:00:00,5.0,37S,37.0,8.0,0.716,0.599,0.807,0.818,0.426
2024-03-12 10:00:00,5.0,37S,20.0,8.0,0.279,0.282,0.233,0.283,0.261
2024-03-12 10:00:00,5.0,37S,37.0,9.0,0.541,0.428,0.224,0.408,0.377
2024-03-12 10:00:00,5.0,37S,20.0,9.0,0.23,0.226,0.264,0.267,0.187
2024-03-12 10:00:00,5.0,37S,37.0,10.0,0.612,0.609,0.754,0.64,0.691
2024-03-12 10:00:00,5.0,37S,20.0,10.0,0.272,0.299,0.298,0.309,0.265
2024-03-12 10:00:00,5.0,37S,37.0,11.0,0.401,0.466,0.758,0.761,0.654
2024-03-12 10:00:00,5.0,37S,20.0,11.0,0.355,0.309,0.296,0.302,0.305
2024-03-12 10:00:00,5.0,37S,37.0,12.0,0.729,0.682,0.834,0.649,0.66
2024-03-12 10:00:00,5.0,37S,20.0,12.0,0.358,0.332,0.355,0.392,0.33
2024-03-12 10:00:00,5.0,P,37.0,1.0,0.624,0.574,0.672,0.72,0.561
2024-03-12 10:00:00,5.0,P,20.0,1.0,0.218,0.237,0.225,0.193,0.148
2024-03-12 10:00:00,5.0,P,37.0,2.0,0.416,0.287,0.494,0.54,0.575
2024-03-12 10:00:00,5.0,P,20.0,2.0,0.214,0.195,0.207,0.186,0.178
2024-03-12 10:00:00,5.0,P,37.0,3.0,0.463,0.584,0.54,0.685,0.543
2024-03-12 10:00:00,5.0,P,20.0,3.0,0.245,0.202,0.242,0.206,0.214
2024-03-12 10:00:00,5.0,P,37.0,4.0,0.514,0.433,0.559,0.562,0.514
2024-03-12 10:00:00,5.0,P,20.0,4.0,0.173,0.193,0.16,0.194,0.153
2024-03-12 10:00:00,5.0,P,37.0,5.0,0.514,0.497,0.473,0.39,0.548
2024-03-12 10:00:00,5.0,P,20.0,5.0,0.199,0.216,0.217,0.22,0.14
2024-03-12 10:00:00,5.0,P,37.0,6.0,0.849,0.627,0.655,0.823,0.873
2024-03-12 10:00:00,5.0,P,20.0,6.0,0.245,0.218,0.192,0.181,0.19
2024-03-12 10:00:00,5.0,P,37.0,7.0,0.519,0.527,0.639,0.587,0.658
2024-03-12 10:00:00,5.0,P,20.0,7.0,0.219,0.209,0.222,0.22,0.194
2024-03-12 10:00:00,5.0,P,37.0,8.0,0.534,0.354,0.581,0.632,0.609
2024-03-12 10:00:00,5.0,P,20.0,8.0,0.301,0.258,0.233,0.229,0.247
2024-03-12 10:00:00,5.0,P,37.0,9.0,0.547,0.484,0.424,0.497,0.445
2024-03-12 10:00:00,5.0,P,20.0,9.0,0.154,0.162,0.161,0.228,0.18
2024-03-12 10:00:00,5.0,P,37.0,10.0,0.55,0.499,0.536,0.565,0.355
2024-03-12 10:00:00,5.0,P,20.0,10.0,0.342,0.276,0.268,0.304,0.243
2024-03-12 10:00:00,5.0,P,37.0,11.0,0.473,0.691,0.542,0.749,0.623
2024-03-12 10:00:00,5.0,P,20.0,11.0,0.241,0.228,0.223,0.175,0.204
2024-03-12 10:00:00,5.0,P,37.0,12.0,0.315,0.436,0.217,0.385,0.467
2024-03-12 10:00:00,5.0,P,20.0,12.0,0.203,0.23,0.247,0.247,0.208
2024-03-12 10:00:00,5.0,25S,37.0,1.0,0.19,0.172,0.145,0.146,0.453
2024-03-12 10:00:00,5.0,25S,20.0,1.0,0.369,0.375,0.635,0.347,0.708
2024-03-12 10:00:00,5.0,25S,37.0,2.0,0.113,0.107,0.156,0.349,0.501
2024-03-12 10:00:00,5.0,25S,20.0,2.0,0.565,0.315,0.43,0.423,0.426
2024-03-12 10:00:00,5.0,25S,37.0,3.0,0.09,0.269,0.151,0.133,0.412
2024-03-12 10:00:00,5.0,25S,20.0,3.0,0.302,0.256,0.227,0.226,0.296
2024-03-12 10:00:00,5.0,25S,37.0,4.0,0.167,0.389,0.173,0.445,0.399
2024-03-12 10:00:00,5.0,25S,20.0,4.0,0.219,0.323,0.269,0.139,0.217
2024-03-12 10:00:00,5.0,25S,37.0,5.0,0.149,0.135,0.124,0.157,0.386
2024-03-12 10:00:00,5.0,25S,20.0,5.0,0.24,0.331,0.288,0.318,0.208
2024-03-12 10:00:00,5.0,25S,37.0,6.0,0.135,0.121,0.218,0.314,0.316
2024-03-12 10:00:00,5.0,25S,20.0,6.0,0.249,0.255,0.317,0.13,0.403
2024-03-12 10:00:00,5.0,25S,37.0,7.0,0.51,0.157,0.152,0.196,0.192
2024-03-12 10:00:00,5.0,25S,20.0,7.0,0.399,0.231,0.192,0.258,0.257
2024-03-12 10:00:00,5.0,25S,37.0,8.0,0.509,0.419,0.349,0.586,0.71
2024-03-12 10:00:00,5.0,25S,20.0,8.0,0.297,0.265,0.474,0.243,0.238
2024-03-12 10:00:00,5.0,25S,37.0,9.0,0.183,0.149,0.136,0.394,0.507
2024-03-12 10:00:00,5.0,25S,20.0,9.0,0.234,0.295,0.4,0.271,0.239
2024-03-12 10:00:00,5.0,25S,37.0,10.0,0.138,0.317,0.121,0.427,0.473
2024-03-12 10:00:00,5.0,25S,20.0,10.0,0.21,0.269,0.238,0.309,0.137
2024-03-12 10:00:00,5.0,25S,37.0,11.0,0.16,0.152,0.173,0.223,0.322
2024-03-12 10:00:00,5.0,25S,20.0,11.0,0.307,0.28,0.431,0.383,0.324
2024-03-12 10:00:00,5.0,25S,37.0,12.0,0.272,0.294,0.342,0.216,0.224
2024-03-12 10:00:00,5.0,25S,20.0,12.0,0.247,0.203,0.281,0.268,0.371
2024-03-15 14:00:00,5.0,20S,37.0,1.0,0.754,1.003,0.64,1.116,0.667
2024-03-15 14:00:00,5.0,20S,20.0,1.0,1.337,1.488,1.491,1.589,1.411
2024-03-15 14:00:00,5.0,20S,37.0,2.0,0.651,0.694,0.538,1.198,0.735
2024-03-15 14:00:00,5.0,20S,20.0,2.0,0.891,0.99,1.255,0.935,1.252
2024-03-15 14:00:00,5.0,20S,37.0,3.0,0.591,0.663,0.693,0.868,0.905
2024-03-15 14:00:00,5.0,20S,20.0,3.0,1.007,1.261,1.443,1.386,1.459
2024-03-15 14:00:00,5.0,20S,37.0,4.0,1.134,0.876,0.885,1.26,1.025
2024-03-15 14:00:00,5.0,20S,20.0,4.0,1.479,1.444,1.38,1.546,1.363
2024-03-15 14:00:00,5.0,20S,37.0,5.0,0.611,0.451,0.538,0.478,1.119
2024-03-15 14:00:00,5.0,20S,20.0,5.0,1.425,1.498,1.508,1.152,1.483
2024-03-15 14:00:00,5.0,20S,37.0,6.0,0.81,0.823,1.122,1.182,0.749
2024-03-15 14:00:00,5.0,20S,20.0,6.0,1.463,1.438,1.456,1.442,1.388
2024-03-15 14:00:00,5.0,20S,37.0,7.0,0.907,0.837,0.978,0.94,0.636
2024-03-15 14:00:00,5.0,20S,20.0,7.0,1.625,1.447,1.533,1.664,1.11
2024-03-15 14:00:00,5.0,20S,37.0,8.0,0.87,0.884,0.792,0.8,1.371
2024-03-15 14:00:00,5.0,20S,20.0,8.0,1.468,1.559,1.38,1.302,1.39
2024-03-15 14:00:00,5.0,20S,37.0,9.0,0.672,0.758,0.615,0.882,1.007
2024-03-15 14:00:00,5.0,20S,20.0,9.0,1.331,1.222,1.392,1.427,1.49
2024-03-15 14:00:00,5.0,20S,37.0,10.0,1.21,0.74,1.216,1.058,1.085
2024-03-15 14:00:00,5.0,20S,20.0,10.0,1.532,1.478,1.394,1.359,0.979
2024-03-15 14:00:00,5.0,20S,37.0,11.0,0.511,1.02,1.192,0.653,1.203
2024-03-15 14:00:00,5.0,20S,20.0,11.0,1.479,1.394,1.012,1.45,1.462
2024-03-15 14:00:00,5.0,20S,37.0,12.0,1.067,0.862,1.042,0.903,0.968
2024-03-15 14:00:00,5.0,20S,20.0,12.0,1.429,1.401,1.07,1.006,0.977
2024-03-15 14:00:00,5.0,37S,37.0,1.0,1.647,1.48,1.26,1.496,1.49
2024-03-15 14:00:00,5.0,37S,20.0,1.0,1.436,1.489,1.39,1.374,1.447
2024-03-15 14:00:00,5.0,37S,37.0,2.0,1.34,1.158,1.283,1.216,1.112
2024-03-15 14:00:00,5.0,37S,20.0,2.0,1.415,1.35,1.452,1.298,1.24
2024-03-15 14:00:00,5.0,37S,37.0,3.0,0.991,0.897,0.982,0.989,1.175
2024-03-15 14:00:00,5.0,37S,20.0,3.0,1.459,1.372,1.489,1.405,1.598
2024-03-15 14:00:00,5.0,37S,37.0,4.0,1.6,1.303,1.271,1.493,0.995
2024-03-15 14:00:00,5.0,37S,20.0,4.0,1.401,1.58,1.363,1.404,1.357
2024-03-15 14:00:00,5.0,37S,37.0,5.0,1.8,1.575,1.54,1.512,1.557
2024-03-15 14:00:00,5.0,37S,20.0,5.0,1.18,1.282,1.311,1.304,1.288
2024-03-15 14:00:00,5.0,37S,37.0,6.0,1.032,1.115,1.214,1.392,1.073
2024-03-15 14:00:00,5.0,37S,20.0,6.0,1.75,1.551,1.576,1.527,1.582
2024-03-15 14:00:00,5.0,37S,37.0,7.0,1.348,1.526,1.535,1.448,1.282
2024-03-15 14:00:00,5.0,37S,20.0,7.0,1.142,1.175,1.368,1.245,1.539
2024-03-15 14:00:00,5.0,37S,37.0,8.0,1.468,1.25,1.56,1.594,1.234
2024-03-15 14:00:00,5.0,37S,20.0,8.0,1.609,1.648,1.389,1.462,1.553
2024-03-15 14:00:00,5.0,37S,37.0,9.0,1.249,1.249,1.073,1.42,1.353
2024-03-15 14:00:00,5.0,37S,20.0,9.0,1.46,1.379,1.408,1.446,1.557
2024-03-15 14:00:00,5.0,37S,37.0,10.0,1.495,1.091,1.455,1.247,1.455
2024-03-15 14:00:00,5.0,37S,20.0,10.0,1.321,1.519,1.319,1.777,1.421
2024-03-15 14:00:00,5.0,37S,37.0,11.0,0.87,1.019,1.218,1.442,1.166
2024-03-15 14:00:00,5.0,37S,20.0,11.0,1.536,1.431,1.445,1.271,1.35
2024-03-15 14:00:00,5.0,37S,37.0,12.0,1.419,1.317,1.629,1.225,1.528
2024-03-15 14:00:00,5.0,37S,20.0,12.0,1.044,1.317,1.1,1.15,1.035
2024-03-15 14:00:00,5.0,P,37.0,1.0,1.444,1.355,1.183,1.361,1.377
2024-03-15 14:00:00,5.0,P,20.0,1.0,1.284,1.209,1.305,1.236,1.306
2024-03-15 14:00:00,5.0,P,37.0,2.0,0.835,0.889,1.216,1.057,1.347
2024-03-15 14:00:00,5.0,P,20.0,2.0,1.458,1.457,1.527,1.368,1.344
2024-03-15 14:00:00,5.0,P,37.0,3.0,0.923,0.995,0.909,1.186,0.888
2024-03-15 14:00:00,5.0,P,20.0,3.0,1.504,1.4,1.458,1.466,1.584
2024-03-15 14:00:00,5.0,P,37.0,4.0,1.338,0.971,0.998,1.082,1.079
2024-03-15 14:00:00,5.0,P,20.0,4.0,1.52,1.59,1.68,1.456,1.446
2024-03-15 14:00:00,5.0,P,37.0,5.0,0.883,0.832,0.837,0.486,1.132
2024-03-15 14:00:00,5.0,P,20.0,5.0,1.563,1.556,1.732,1.601,1.498
2024-03-15 14:00:00,5.0,P,37.0,6.0,1.6,1.28,1.33,1.598,1.579
2024-03-15 14:00:00,5.0,P,20.0,6.0,1.553,1.627,1.379,1.371,1.368
2024-03-15 14:00:00,5.0,P,37.0,7.0,1.062,0.853,1.016,1.008,0.901
2024-03-15 14:00:00,5.0,P,20.0,7.0,1.391,1.282,1.587,1.332,1.3
2024-03-15 14:00:00,5.0,P,37.0,8.0,0.987,0.684,1.097,1.137,1.057
2024-03-15 14:00:00,5.0,P,20.0,8.0,1.703,1.74,1.547,1.461,1.588
2024-03-15 14:00:00,5.0,P,37.0,9.0,0.883,1.004,0.85,0.931,0.93
2024-03-15 14:00:00,5.0,P,20.0,9.0,1.426,1.417,1.592,1.474,1.504
2024-03-15 14:00:00,5.0,P,37.0,10.0,0.934,0.901,1.019,1.0,0.743
2024-03-15 14:00:00,5.0,P,20.0,10.0,1.277,1.119,1.094,1.131,1.071
2024-03-15 14:00:00,5.0,P,37.0,11.0,1.1,1.268,0.848,0.956,0.914
2024-03-15 14:00:00,5.0,P,20.0,11.0,1.015,1.312,1.125,0.893,1.028
2024-03-15 14:00:00,5.0,P,37.0,12.0,1.13,1.301,0.902,1.042,1.087
2024-03-15 14:00:00,5.0,P,20.0,12.0,1.474,1.51,1.441,1.524,1.508
2024-03-15 14:00:00,5.0,25S,37.0,1.0,0.694,0.845,1.13,0.885,1.117
2024-03-15 14:00:00,5.0,25S,20.0,1.0,1.497,1.384,1.626,1.344,1.639
2024-03-15 14:00:00,5.0,25S,37.0,2.0,1.104,0.853,1.073,1.033,1.182
2024-03-15 14:00:00,5.0,25S,20.0,2.0,0.824,1.283,1.413,1.385,1.544
2024-03-15 14:00:00,5.0,25S,37.0,3.0,0.761,1.276,1.236,0.993,1.014
2024-03-15 14:00:00,5.0,25S,20.0,3.0,1.379,1.377,1.486,1.369,1.487
2024-03-15 14:00:00,5.0,25S,37.0,4.0,1.112,1.194,1.2,1.132,1.119
2024-03-15 14:00:00,5.0,25S,20.0,4.0,1.562,1.437,1.512,1.298,1.397
2024-03-15 14:00:00,5.0,25S,37.0,5.0,0.721,0.956,0.872,1.068,1.099
2024-03-15 14:00:00,5.0,25S,20.0,5.0,1.3,1.349,1.42,0.871,1.444
2024-03-15 14:00:00,5.0,25S,37.0,6.0,0.836,0.729,1.037,1.081,1.11
2024-03-15 14:00:00,5.0,25S,20.0,6.0,1.504,1.42,1.369,1.42,1.386
2024-03-15 14:00:00,5.0,25S,37.0,7.0,1.366,0.923,1.008,1.002,1.16
2024-03-15 14:00:00,5.0,25S,20.0,7.0,1.608,1.394,1.491,1.416,1.073
2024-03-15 14:00:00,5.0,25S,37.0,8.0,1.118,1.085,1.32,1.366,1.193
2024-03-15 14:00:00,5.0,25S,20.0,8.0,1.49,1.496,1.386,1.319,1.409
2024-03-15 14:00:00,5.0,25S,37.0,9.0,1.121,1.23,1.327,1.175,0.957
2024-03-15 14:00:00,5.0,25S,20.0,9.0,1.346,1.468,1.41,1.373,1.379
2024-03-15 14:00:00,5.0,25S,37.0,10.0,0.935,0.97,1.002,1.042,1.078
2024-03-15 14:00:00,5.0,25S,20.0,10.0,1.366,1.455,1.361,1.593,1.305
2024-03-15 14:00:00,5.0,25S,37.0,11.0,1.137,0.71,0.987,1.118,1.088
2024-03-15 14:00:00,5.0,25S,20.0,11.0,1.397,1.439,1.352,1.513,1.386
2024-03-15 14:00:00,5.0,25S,37.0,12.0,1.046,1.027,1.084,1.092,0.957
2024-03-15 14:00:00,5.0,25S,20.0,12.0,1.373,1.581,1.352,0.908,0.971
2024-03-14 18:00:00,5.0,20S,37.0,1.0,0.842,1.138,0.713,1.227,0.744
2024-03-14 18:00:00,5.0,20S,20.0,1.0,1.185,1.305,1.437,1.487,1.525
2024-03-14 18:00:00,5.0,20S,37.0,2.0,0.755,0.798,0.643,1.301,0.779
2024-03-14 18:00:00,5.0,20S,20.0,2.0,0.954,1.207,1.892,0.96,1.213
2024-03-14 18:00:00,5.0,20S,37.0,3.0,0.638,0.715,0.769,0.993,1.096
2024-03-14 18:00:00,5.0,20S,20.0,3.0,0.956,1.293,1.379,1.419,1.395
2024-03-14 18:00:00,5.0,20S,37.0,4.0,1.268,0.975,0.986,1.392,1.1
2024-03-14 18:00:00,5.0,20S,20.0,4.0,1.543,1.495,1.5,1.586,1.608
2024-03-14 18:00:00,5.0,20S,37.0,5.0,0.658,0.454,0.588,0.505,1.249
2024-03-14 18:00:00,5.0,20S,20.0,5.0,1.543,1.388,1.412,1.337,1.455
2024-03-14 18:00:00,5.0,20S,37.0,6.0,0.981,0.926,1.283,1.445,0.896
2024-03-14 18:00:00,5.0,20S,20.0,6.0,1.43,1.431,1.448,1.507,1.603
2024-03-14 18:00:00,5.0,20S,37.0,7.0,1.066,0.919,1.091,1.049,0.719
2024-03-14 18:00:00,5.0,20S,20.0,7.0,1.386,1.486,1.371,1.432,1.086
2024-03-14 18:00:00,5.0,20S,37.0,8.0,0.95,0.932,0.865,0.868,1.489
2024-03-14 18:00:00,5.0,20S,20.0,8.0,1.471,1.484,1.538,1.475,1.457
2024-03-14 18:00:00,5.0,20S,37.0,9.0,0.688,0.779,0.641,0.947,1.056
2024-03-14 18:00:00,5.0,20S,20.0,9.0,1.468,1.415,1.308,1.476,1.402
2024-03-14 18:00:00,5.0,20S,37.0,10.0,1.298,0.779,1.334,1.174,1.145
2024-03-14 18:00:00,5.0,20S,20.0,10.0,1.521,1.35,1.385,1.319,1.053
2024-03-14 18:00:00,5.0,20S,37.0,11.0,0.543,1.134,1.308,0.726,1.309
2024-03-14 18:00:00,5.0,20S,20.0,11.0,1.479,1.451,1.088,1.49,1.423
2024-03-14 18:00:00,5.0,20S,37.0,12.0,1.185,0.915,1.146,0.982,1.102
2024-03-14 18:00:00,5.0,20S,20.0,12.0,1.386,1.499,1.02,0.979,1.073
2024-03-14 18:00:00,5.0,37S,37.0,1.0,1.681,1.507,1.279,1.542,1.508
2024-03-14 18:00:00,5.0,37S,20.0,1.0,1.242,1.251,1.255,1.308,1.454
2024-03-14 18:00:00,5.0,37S,37.0,2.0,1.376,1.19,1.312,1.145,1.131
2024-03-14 18:00:00,5.0,37S,20.0,2.0,1.386,1.27,1.317,1.341,1.315
2024-03-14 18:00:00,5.0,37S,37.0,3.0,1.038,0.914,1.002,1.027,1.212
2024-03-14 18:00:00,5.0,37S,20.0,3.0,1.323,1.363,1.408,1.367,1.428
2024-03-14 18:00:00,5.0,37S,37.0,4.0,1.612,1.315,1.333,1.444,1.012
2024-03-14 18:00:00,5.0,37S,20.0,4.0,1.088,1.178,1.26,1.312,1.435
2024-03-14 18:00:00,5.0,37S,37.0,5.0,1.631,1.469,1.325,1.327,1.379
2024-03-14 18:00:00,5.0,37S,20.0,5.0,1.159,1.174,1.235,1.392,1.285
2024-03-14 18:00:00,5.0,37S,37.0,6.0,1.084,1.162,1.262,1.447,1.079
2024-03-14 18:00:00,5.0,37S,20.0,6.0,1.478,1.297,1.256,1.375,1.595
2024-03-14 18:00:00,5.0,37S,37.0,7.0,1.439,1.578,1.474,1.519,1.408
2024-03-14 18:00:00,5.0,37S,20.0,7.0,1.699,1.498,1.242,1.668,1.408
2024-03-14 18:00:00,5.0,37S,37.0,8.0,1.473,1.259,1.581,1.607,1.259
2024-03-14 18:00:00,5.0,37S,20.0,8.0,1.461,1.478,1.371,1.396,1.461
2024-03-14 18:00:00,5.0,37S,37.0,9.0,1.228,1.267,1.128,1.355,1.259
2024-03-14 18:00:00,5.0,37S,20.0,9.0,1.292,1.216,1.32,1.444,1.46
2024-03-14 18:00:00,5.0,37S,37.0,10.0,1.477,1.111,1.409,1.218,1.361
2024-03-14 18:00:00,5.0,37S,20.0,10.0,1.298,1.378,1.452,1.453,1.51
2024-03-14 18:00:00,5.0,37S,37.0,11.0,0.889,0.988,1.235,1.295,1.209
2024-03-14 18:00:00,5.0,37S,20.0,11.0,1.275,1.369,1.306,1.332,1.307
2024-03-14 18:00:00,5.0,37S,37.0,12.0,1.454,1.323,1.648,1.263,1.502
2024-03-14 18:00:00,5.0,37S,20.0,12.0,1.086,1.07,1.112,0.989,1.091
2024-03-14 18:00:00,5.0,P,37.0,1.0,1.47,1.348,1.136,1.335,1.364
2024-03-14 18:00:00,5.0,P,20.0,1.0,1.335,1.349,1.464,1.322,1.446
2024-03-14 18:00:00,5.0,P,37.0,2.0,0.834,0.914,1.248,1.046,1.36
2024-03-14 18:00:00,5.0,P,20.0,2.0,1.486,1.441,1.508,1.521,1.59
2024-03-14 18:00:00,5.0,P,37.0,3.0,0.96,1.02,0.962,1.204,0.883
2024-03-14 18:00:00,5.0,P,20.0,3.0,1.406,1.442,1.585,1.422,1.457
2024-03-14 18:00:00,5.0,P,37.0,4.0,1.359,0.996,1.027,1.081,1.086
2024-03-14 18:00:00,5.0,P,20.0,4.0,1.395,1.474,1.525,1.448,1.433
2024-03-14 18:00:00,5.0,P,37.0,5.0,0.894,0.857,0.846,0.496,1.134
2024-03-14 18:00:00,5.0,P,20.0,5.0,1.378,1.571,1.568,1.587,1.413
2024-03-14 18:00:00,5.0,P,37.0,6.0,1.673,1.305,1.369,1.641,1.648
2024-03-14 18:00:00,5.0,P,20.0,6.0,1.406,1.405,1.235,1.193,1.314
2024-03-14 18:00:00,5.0,P,37.0,7.0,1.088,0.86,1.03,1.048,0.968
2024-03-14 18:00:00,5.0,P,20.0,7.0,1.343,1.174,1.059,1.259,1.229
2024-03-14 18:00:00,5.0,P,37.0,8.0,1.007,0.673,1.137,1.163,1.075
2024-03-14 18:00:00,5.0,P,20.0,8.0,1.239,1.406,1.51,1.347,1.307
2024-03-14 18:00:00,5.0,P,37.0,9.0,0.89,1.028,0.875,0.95,0.928
2024-03-14 18:00:00,5.0,P,20.0,9.0,1.495,1.517,1.427,1.457,1.466
2024-03-14 18:00:00,5.0,P,37.0,10.0,0.936,0.902,1.02,1.0,0.751
2024-03-14 18:00:00,5.0,P,20.0,10.0,1.158,1.021,1.155,1.029,1.091
2024-03-14 18:00:00,5.0,P,37.0,11.0,1.147,1.264,0.862,0.965,0.921
2024-03-14 18:00:00,5.0,P,20.0,11.0,1.047,0.984,0.918,1.198,0.882
2024-03-14 18:00:00,5.0,P,37.0,12.0,1.174,1.366,0.949,1.114,1.19
2024-03-14 18:00:00,5.0,P,20.0,12.0,1.446,1.47,1.499,1.536,1.448
2024-03-14 18:00:00,5.0,25S,37.0,1.0,0.736,0.975,1.338,1.005,1.334
2024-03-14 18:00:00,5.0,25S,20.0,1.0,1.393,1.327,1.279,1.422,1.484
2024-03-14 18:00:00,5.0,25S,37.0,2.0,1.257,0.955,1.288,1.079,1.405
2024-03-14 18:00:00,5.0,25S,20.0,2.0,0.815,1.239,1.407,1.555,1.482
2024-03-14 18:00:00,5.0,25S,37.0,3.0,0.814,1.597,1.523,1.155,1.22
2024-03-14 18:00:00,5.0,25S,20.0,3.0,1.262,1.381,1.516,1.421,1.404
2024-03-14 18:00:00,5.0,25S,37.0,4.0,1.246,1.412,1.401,1.219,1.172
2024-03-14 18:00:00,5.0,25S,20.0,4.0,1.347,1.596,1.36,1.351,1.407
2024-03-14 18:00:00,5.0,25S,37.0,5.0,0.772,1.074,1.012,1.275,1.127
2024-03-14 18:00:00,5.0,25S,20.0,5.0,1.115,1.356,1.384,0.931,1.099
2024-03-14 18:00:00,5.0,25S,37.0,6.0,0.971,0.797,1.182,1.225,1.371
2024-03-14 18:00:00,5.0,25S,20.0,6.0,1.482,1.31,1.357,1.5,1.347
2024-03-14 18:00:00,5.0,25S,37.0,7.0,1.708,1.048,1.157,1.128,1.41
2024-03-14 18:00:00,5.0,25S,20.0,7.0,1.41,1.343,1.364,1.404,1.15
2024-03-14 18:00:00,5.0,25S,37.0,8.0,1.3,1.207,1.66,1.635,1.277
2024-03-14 18:00:00,5.0,25S,20.0,8.0,1.364,1.392,1.4,1.345,1.407
2024-03-14 18:00:00,5.0,25S,37.0,9.0,1.216,1.403,1.558,1.282,1.0
2024-03-14 18:00:00,5.0,25S,20.0,9.0,1.311,1.32,1.383,1.382,1.445
2024-03-14 18:00:00,5.0,25S,37.0,10.0,1.005,1.072,1.088,1.131,1.15
2024-03-14 18:00:00,5.0,25S,20.0,10.0,1.388,1.398,1.434,1.389,1.357
2024-03-14 18:00:00,5.0,25S,37.0,11.0,1.278,0.713,1.081,1.262,1.167
2024-03-14 18:00:00,5.0,25S,20.0,11.0,1.392,1.276,1.185,1.359,1.363
2024-03-14 18:00:00,5.0,25S,37.0,12.0,1.285,1.247,1.339,1.403,1.227
2024-03-14 18:00:00,5.0,25S,20.0,12.0,1.389,1.412,1.215,0.973,0.961
2024-03-13 18:00:00,5.0,20S,37.0,1.0,0.632,0.525,0.369,0.974,0.342
2024-03-13 18:00:00,5.0,20S,20.0,1.0,0.728,1.252,1.165,1.227,1.307
2024-03-13 18:00:00,5.0,20S,37.0,2.0,0.762,0.715,0.646,1.05,0.739
2024-03-13 18:00:00,5.0,20S,20.0,2.0,1.094,0.649,1.283,1.08,1.419
2024-03-13 18:00:00,5.0,20S,37.0,3.0,0.521,0.526,0.532,0.538,0.453
2024-03-13 18:00:00,5.0,20S,20.0,3.0,1.084,1.383,1.207,1.21,1.345
2024-03-13 18:00:00,5.0,20S,37.0,4.0,1.255,0.738,0.653,0.372,0.435
2024-03-13 18:00:00,5.0,20S,20.0,4.0,1.304,1.217,1.313,1.195,1.261
2024-03-13 18:00:00,5.0,20S,37.0,5.0,0.459,0.35,0.516,0.417,0.676
2024-03-13 18:00:00,5.0,20S,20.0,5.0,1.408,1.532,1.435,1.214,1.426
2024-03-13 18:00:00,5.0,20S,37.0,6.0,0.951,0.368,0.547,0.654,0.286
2024-03-13 18:00:00,5.0,20S,20.0,6.0,1.407,1.375,1.305,1.301,1.318
2024-03-13 18:00:00,5.0,20S,37.0,7.0,1.098,0.383,0.363,0.529,0.456
2024-03-13 18:00:00,5.0,20S,20.0,7.0,1.341,1.387,1.269,1.383,1.022
2024-03-13 18:00:00,5.0,20S,37.0,8.0,0.97,0.954,0.917,0.922,1.338
2024-03-13 18:00:00,5.0,20S,20.0,8.0,1.449,1.295,1.453,1.353,1.129
2024-03-13 18:00:00,5.0,20S,37.0,9.0,0.693,0.786,0.622,0.574,0.582
2024-03-13 18:00:00,5.0,20S,20.0,9.0,1.379,1.251,1.373,1.271,1.29
2024-03-13 18:00:00,5.0,20S,37.0,10.0,0.425,0.334,0.581,0.439,0.43
2024-03-13 18:00:00,5.0,20S,20.0,10.0,1.345,1.384,1.242,1.328,1.159
2024-03-13 18:00:00,5.0,20S,37.0,11.0,0.295,0.544,0.592,0.296,0.466
2024-03-13 18:00:00,5.0,20S,20.0,11.0,1.204,1.452,1.103,1.204,1.436
2024-03-13 18:00:00,5.0,20S,37.0,12.0,0.791,0.875,0.93,1.021,0.68
2024-03-13 18:00:00,5.0,20S,20.0,12.0,1.238,1.472,1.052,0.833,1.111
2024-03-13 18:00:00,5.0,37S,37.0,1.0,1.136,0.951,0.475,0.312,0.418
2024-03-13 18:00:00,5.0,37S,20.0,1.0,1.515,1.268,1.333,1.299,1.253
2024-03-13 18:00:00,5.0,37S,37.0,2.0,0.544,0.565,0.554,0.467,0.392
2024-03-13 18:00:00,5.0,37S,20.0,2.0,1.163,1.261,1.199,1.369,0.979
2024-03-13 18:00:00,5.0,37S,37.0,3.0,0.656,0.678,0.78,0.33,1.07
2024-03-13 18:00:00,5.0,37S,20.0,3.0,1.33,1.427,1.421,1.232,1.301
2024-03-13 18:00:00,5.0,37S,37.0,4.0,0.504,0.698,0.328,0.428,0.412
2024-03-13 18:00:00,5.0,37S,20.0,4.0,1.18,1.297,1.293,1.401,1.337
2024-03-13 18:00:00,5.0,37S,37.0,5.0,0.736,0.62,0.53,0.61,0.62
2024-03-13 18:00:00,5.0,37S,20.0,5.0,1.185,1.195,1.315,1.22,0.952
2024-03-13 18:00:00,5.0,37S,37.0,6.0,0.71,0.857,0.619,0.498,0.404
2024-03-13 18:00:00,5.0,37S,20.0,6.0,1.317,1.392,1.443,1.332,1.365
2024-03-13 18:00:00,5.0,37S,37.0,7.0,0.809,0.539,0.447,0.891,0.532
2024-03-13 18:00:00,5.0,37S,20.0,7.0,1.377,1.127,1.087,1.125,0.931
2024-03-13 18:00:00,5.0,37S,37.0,8.0,1.453,1.3,1.5,1.397,1.139
2024-03-13 18:00:00,5.0,37S,20.0,8.0,1.264,1.445,1.477,1.363,1.643
2024-03-13 18:00:00,5.0,37S,37.0,9.0,0.363,0.423,0.479,0.443,0.523
2024-03-13 18:00:00,5.0,37S,20.0,9.0,1.103,1.399,1.319,1.514,1.35
2024-03-13 18:00:00,5.0,37S,37.0,10.0,0.574,0.683,0.561,0.715,0.504
2024-03-13 18:00:00,5.0,37S,20.0,10.0,1.32,1.371,1.382,1.354,1.39
2024-03-13 18:00:00,5.0,37S,37.0,11.0,0.513,0.705,0.361,0.365,0.509
2024-03-13 18:00:00,5.0,37S,20.0,11.0,1.209,1.41,1.322,1.295,1.257
2024-03-13 18:00:00,5.0,37S,37.0,12.0,1.248,1.271,1.561,1.019,1.358
2024-03-13 18:00:00,5.0,37S,20.0,12.0,1.245,1.262,1.486,1.227,1.418
2024-03-13 18:00:00,5.0,P,37.0,1.0,1.488,1.404,1.196,1.367,1.378
2024-03-13 18:00:00,5.0,P,20.0,1.0,1.165,1.109,1.096,1.009,1.159
2024-03-13 18:00:00,5.0,P,37.0,2.0,0.802,0.919,1.217,0.835,1.252
2024-03-13 18:00:00,5.0,P,20.0,2.0,1.207,1.416,1.118,1.26,1.116
2024-03-13 18:00:00,5.0,P,37.0,3.0,0.877,0.799,0.592,0.615,0.6
2024-03-13 18:00:00,5.0,P,20.0,3.0,1.446,1.307,1.348,1.508,1.476
2024-03-13 18:00:00,5.0,P,37.0,4.0,0.852,0.477,0.602,0.544,0.44
2024-03-13 18:00:00,5.0,P,20.0,4.0,1.192,1.283,1.316,1.514,1.319
2024-03-13 18:00:00,5.0,P,37.0,5.0,0.42,0.722,0.751,0.405,0.602
2024-03-13 18:00:00,5.0,P,20.0,5.0,1.316,1.265,1.298,1.24,1.262
2024-03-13 18:00:00,5.0,P,37.0,6.0,1.667,1.273,1.332,1.597,1.662
2024-03-13 18:00:00,5.0,P,20.0,6.0,1.243,1.317,1.48,1.438,1.322
2024-03-13 18:00:00,5.0,P,37.0,7.0,1.01,0.656,0.83,0.782,0.99
2024-03-13 18:00:00,5.0,P,20.0,7.0,1.492,1.184,1.137,1.143,1.173
2024-03-13 18:00:00,5.0,P,37.0,8.0,0.681,0.525,0.967,0.667,0.55
2024-03-13 18:00:00,5.0,P,20.0,8.0,1.343,1.381,1.319,1.344,1.301
2024-03-13 18:00:00,5.0,P,37.0,9.0,0.339,0.433,0.391,0.456,0.473
2024-03-13 18:00:00,5.0,P,20.0,9.0,1.228,1.278,1.297,1.407,1.415
2024-03-13 18:00:00,5.0,P,37.0,10.0,0.549,0.663,0.532,0.672,0.651
2024-03-13 18:00:00,5.0,P,20.0,10.0,1.327,1.333,1.25,1.242,1.224
2024-03-13 18:00:00,5.0,P,37.0,11.0,1.012,1.129,0.683,0.724,0.495
2024-03-13 18:00:00,5.0,P,20.0,11.0,1.027,1.269,0.92,1.189,1.129
2024-03-13 18:00:00,5.0,P,37.0,12.0,1.14,1.322,0.903,1.127,1.167
2024-03-13 18:00:00,5.0,P,20.0,12.0,1.276,1.187,1.192,1.246,1.282
2024-03-13 18:00:00,5.0,25S,37.0,1.0,0.565,0.429,0.473,0.455,0.992
2024-03-13 18:00:00,5.0,25S,20.0,1.0,1.512,1.415,1.464,1.492,1.447
2024-03-13 18:00:00,5.0,25S,37.0,2.0,0.507,0.41,0.895,0.532,0.527
2024-03-13 18:00:00,5.0,25S,20.0,2.0,0.832,1.291,1.524,1.398,1.481
2024-03-13 18:00:00,5.0,25S,37.0,3.0,0.329,0.621,0.448,0.494,0.562
2024-03-13 18:00:00,5.0,25S,20.0,3.0,1.393,1.33,1.443,1.398,1.292
2024-03-13 18:00:00,5.0,25S,37.0,4.0,0.75,0.514,0.454,0.446,0.416
2024-03-13 18:00:00,5.0,25S,20.0,4.0,1.103,1.286,1.204,1.402,1.216
2024-03-13 18:00:00,5.0,25S,37.0,5.0,0.41,0.623,0.525,0.705,0.438
2024-03-13 18:00:00,5.0,25S,20.0,5.0,1.312,1.345,1.508,0.945,1.37
2024-03-13 18:00:00,5.0,25S,37.0,6.0,0.335,0.423,0.442,0.535,0.416
2024-03-13 18:00:00,5.0,25S,20.0,6.0,1.31,1.282,1.312,1.023,1.359
2024-03-13 18:00:00,5.0,25S,37.0,7.0,1.579,0.581,0.454,0.54,0.679
2024-03-13 18:00:00,5.0,25S,20.0,7.0,1.524,1.386,1.28,1.274,1.166
2024-03-13 18:00:00,5.0,25S,37.0,8.0,1.277,1.332,1.051,1.309,0.42
2024-03-13 18:00:00,5.0,25S,20.0,8.0,1.326,1.311,1.299,1.203,1.257
2024-03-13 18:00:00,5.0,25S,37.0,9.0,0.879,0.541,0.453,0.436,0.541
2024-03-13 18:00:00,5.0,25S,20.0,9.0,1.264,1.271,1.293,1.338,1.38
2024-03-13 18:00:00,5.0,25S,37.0,10.0,0.415,0.493,0.53,0.518,0.541
2024-03-13 18:00:00,5.0,25S,20.0,10.0,1.268,1.371,1.285,1.38,1.334
2024-03-13 18:00:00,5.0,25S,37.0,11.0,0.432,0.422,0.485,0.386,0.604
2024-03-13 18:00:00,5.0,25S,20.0,11.0,1.301,1.38,1.337,1.38,1.33
2024-03-13 18:00:00,5.0,25S,37.0,12.0,0.55,1.008,0.701,0.642,0.363
2024-03-13 18:00:00,5.0,25S,20.0,12.0,1.318,1.363,1.22,1.071,1.197
2024-03-14 10:00:00,5.0,20S,37.0,1.0,0.838,1.168,0.714,1.244,0.742
2024-03-14 10:00:00,5.0,20S,20.0,1.0,1.111,1.326,1.361,1.367,1.307
2024-03-14 10:00:00,5.0,20S,37.0,2.0,0.784,0.821,0.673,1.319,0.782
2024-03-14 10:00:00,5.0,20S,20.0,2.0,1.334,1.05,1.755,1.081,1.467
2024-03-14 10:00:00,5.0,20S,37.0,3.0,0.626,0.709,0.765,0.992,1.125
2024-03-14 10:00:00,5.0,20S,20.0,3.0,1.065,1.422,1.369,1.478,1.41
2024-03-14 10:00:00,5.0,20S,37.0,4.0,1.301,0.973,0.979,1.374,1.111
2024-03-14 10:00:00,5.0,20S,20.0,4.0,1.52,1.456,1.352,1.725,1.346
2024-03-14 10:00:00,5.0,20S,37.0,5.0,0.633,0.443,0.579,0.5,1.254
2024-03-14 10:00:00,5.0,20S,20.0,5.0,1.392,1.495,1.417,1.222,1.336
2024-03-14 10:00:00,5.0,20S,37.0,6.0,0.996,0.937,1.319,1.478,0.898
2024-03-14 10:00:00,5.0,20S,20.0,6.0,1.474,1.354,1.337,1.545,1.527
2024-03-14 10:00:00,5.0,20S,37.0,7.0,1.057,0.941,1.107,1.086,0.714
2024-03-14 10:00:00,5.0,20S,20.0,7.0,1.453,1.344,1.477,1.433,1.012
2024-03-14 10:00:00,5.0,20S,37.0,8.0,0.961,0.938,0.878,0.852,1.476
2024-03-14 10:00:00,5.0,20S,20.0,8.0,1.405,1.5,1.463,1.321,1.385
2024-03-14 10:00:00,5.0,20S,37.0,9.0,0.677,0.779,0.647,0.968,1.048
2024-03-14 10:00:00,5.0,20S,20.0,9.0,1.436,1.426,1.412,1.493,1.41
2024-03-14 10:00:00,5.0,20S,37.0,10.0,1.319,0.76,1.354,1.172,1.063
2024-03-14 10:00:00,5.0,20S,20.0,10.0,1.475,1.47,1.323,1.366,1.028
2024-03-14 10:00:00,5.0,20S,37.0,11.0,0.526,1.139,1.36,0.715,1.324
2024-03-14 10:00:00,5.0,20S,20.0,11.0,1.459,1.391,0.997,1.385,1.368
2024-03-14 10:00:00,5.0,20S,37.0,12.0,1.215,0.899,1.169,1.002,1.113
2024-03-14 10:00:00,5.0,20S,20.0,12.0,1.332,1.402,1.023,1.083,0.965
2024-03-14 10:00:00,5.0,37S,37.0,1.0,1.667,1.505,1.272,1.523,1.485
2024-03-14 10:00:00,5.0,37S,20.0,1.0,1.541,1.544,1.486,1.395,1.537
2024-03-14 10:00:00,5.0,37S,37.0,2.0,1.31,1.017,1.344,0.723,0.736
2024-03-14 10:00:00,5.0,37S,20.0,2.0,1.535,1.355,1.399,1.377,1.392
2024-03-14 10:00:00,5.0,37S,37.0,3.0,1.041,0.921,1.005,1.012,1.187
2024-03-14 10:00:00,5.0,37S,20.0,3.0,1.39,1.489,1.524,1.497,1.572
2024-03-14 10:00:00,5.0,37S,37.0,4.0,1.302,1.283,1.286,1.063,0.992
2024-03-14 10:00:00,5.0,37S,20.0,4.0,1.259,1.364,1.33,1.295,1.416
2024-03-14 10:00:00,5.0,37S,37.0,5.0,1.201,1.052,1.429,1.105,0.725
2024-03-14 10:00:00,5.0,37S,20.0,5.0,1.036,1.225,1.255,1.202,1.417
2024-03-14 10:00:00,5.0,37S,37.0,6.0,1.101,1.18,1.274,1.452,1.077
2024-03-14 10:00:00,5.0,37S,20.0,6.0,1.554,1.585,1.558,1.449,1.607
2024-03-14 10:00:00,5.0,37S,37.0,7.0,1.438,1.056,0.73,1.241,1.286
2024-03-14 10:00:00,5.0,37S,20.0,7.0,1.222,1.302,1.356,1.25,1.538
2024-03-14 10:00:00,5.0,37S,37.0,8.0,1.469,1.25,1.587,1.615,1.218
2024-03-14 10:00:00,5.0,37S,20.0,8.0,1.615,1.666,1.498,1.52,1.578
2024-03-14 10:00:00,5.0,37S,37.0,9.0,1.138,1.014,0.956,0.953,1.13
2024-03-14 10:00:00,5.0,37S,20.0,9.0,1.486,1.453,1.526,1.598,1.564
2024-03-14 10:00:00,5.0,37S,37.0,10.0,1.093,1.118,1.022,1.192,1.314
2024-03-14 10:00:00,5.0,37S,20.0,10.0,1.422,1.527,1.522,1.53,1.567
2024-03-14 10:00:00,5.0,37S,37.0,11.0,0.861,0.99,1.203,1.268,1.206
2024-03-14 10:00:00,5.0,37S,20.0,11.0,1.509,1.625,1.503,1.623,1.519
2024-03-14 10:00:00,5.0,37S,37.0,12.0,1.456,1.309,1.644,1.259,1.477
2024-03-14 10:00:00,5.0,37S,20.0,12.0,1.321,1.347,1.349,1.285,1.366
2024-03-14 10:00:00,5.0,P,37.0,1.0,0.724,0.982,1.384,1.021,1.341
2024-03-14 10:00:00,5.0,P,20.0,1.0,1.272,1.248,1.25,1.467,1.262
2024-03-14 10:00:00,5.0,P,37.0,2.0,1.29,0.976,1.323,0.833,1.408
2024-03-14 10:00:00,5.0,P,20.0,2.0,1.486,1.431,1.417,1.649,1.508
2024-03-14 10:00:00,5.0,P,37.0,3.0,0.809,1.622,1.574,1.184,1.236
2024-03-14 10:00:00,5.0,P,20.0,3.0,1.556,1.445,1.517,1.531,1.501
2024-03-14 10:00:00,5.0,P,37.0,4.0,1.264,1.458,1.446,1.201,1.172
2024-03-14 10:00:00,5.0,P,20.0,4.0,1.404,1.539,1.53,1.612,1.409
2024-03-14 10:00:00,5.0,P,37.0,5.0,0.758,1.097,1.027,1.31,1.022
2024-03-14 10:00:00,5.0,P,20.0,5.0,1.463,1.591,1.629,1.591,1.356
2024-03-14 10:00:00,5.0,P,37.0,6.0,0.999,0.79,1.187,1.25,1.393
2024-03-14 10:00:00,5.0,P,20.0,6.0,1.42,1.443,1.304,1.285,1.64
2024-03-14 10:00:00,5.0,P,37.0,7.0,1.74,1.074,1.179,1.146,1.463
2024-03-14 10:00:00,5.0,P,20.0,7.0,1.351,1.462,1.354,1.42,1.472
2024-03-14 10:00:00,5.0,P,37.0,8.0,1.346,1.219,1.733,1.682,1.294
2024-03-14 10:00:00,5.0,P,20.0,8.0,1.553,1.558,1.539,1.575,1.539
2024-03-14 10:00:00,5.0,P,37.0,9.0,1.215,1.408,1.593,1.311,0.988
2024-03-14 10:00:00,5.0,P,20.0,9.0,1.51,1.471,1.365,1.449,1.555
2024-03-14 10:00:00,5.0,P,37.0,10.0,1.013,1.069,1.11,1.131,1.144
2024-03-14 10:00:00,5.0,P,20.0,10.0,1.278,1.387,1.348,1.343,1.261
2024-03-14 10:00:00,5.0,P,37.0,11.0,1.301,0.702,1.103,1.281,1.163
2024-03-14 10:00:00,5.0,P,20.0,11.0,1.274,1.247,1.19,1.381,1.349
2024-03-14 10:00:00,5.0,P,37.0,12.0,1.313,1.277,1.366,1.455,1.258
2024-03-14 10:00:00,5.0,P,20.0,12.0,1.495,1.614,1.387,1.67,1.539
2024-03-14 10:00:00,5.0,25S,37.0,1.0,0.724,0.982,1.384,1.021,1.341
2024-03-14 10:00:00,5.0,25S,20.0,1.0,1.381,1.325,1.384,1.164,1.176
2024-03-14 10:00:00,5.0,25S,37.0,2.0,1.29,0.976,1.323,0.833,1.408
2024-03-14 10:00:00,5.0,25S,20.0,2.0,0.899,1.145,1.342,1.399,1.526
2024-03-14 10:00:00,5.0,25S,37.0,3.0,0.809,1.622,1.574,1.184,1.236
2024-03-14 10:00:00,5.0,25S,20.0,3.0,1.223,1.618,1.342,1.24,1.358
2024-03-14 10:00:00,5.0,25S,37.0,4.0,1.264,1.458,1.446,1.201,1.172
2024-03-14 10:00:00,5.0,25S,20.0,4.0,1.309,1.519,1.348,1.551,1.491
2024-03-14 10:00:00,5.0,25S,37.0,5.0,0.758,1.097,1.027,1.31,1.022
2024-03-14 10:00:00,5.0,25S,20.0,5.0,1.2,1.326,1.341,0.976,1.406
2024-03-14 10:00:00,5.0,25S,37.0,6.0,0.999,0.79,1.187,1.25,1.393
2024-03-14 10:00:00,5.0,25S,20.0,6.0,1.419,1.323,1.391,1.612,1.499
2024-03-14 10:00:00,5.0,25S,37.0,7.0,1.74,1.074,1.179,1.146,1.463
2024-03-14 10:00:00,5.0,25S,20.0,7.0,1.43,1.375,1.629,1.388,1.027
2024-03-14 10:00:00,5.0,25S,37.0,8.0,1.346,1.219,1.733,1.682,1.294
2024-03-14 10:00:00,5.0,25S,20.0,8.0,1.363,1.409,1.45,1.416,1.416
2024-03-14 10:00:00,5.0,25S,37.0,9.0,1.215,1.408,1.593,1.311,0.988
2024-03-14 10:00:00,5.0,25S,20.0,9.0,1.206,1.433,1.243,1.308,1.357
2024-03-14 10:00:00,5.0,25S,37.0,10.0,1.013,1.069,1.11,1.131,1.144
2024-03-14 10:00:00,5.0,25S,20.0,10.0,1.474,1.488,1.48,1.363,1.351
2024-03-14 10:00:00,5.0,25S,37.0,11.0,1.301,0.702,1.103,1.281,1.163
2024-03-14 10:00:00,5.0,25S,20.0,11.0,1.333,1.286,1.198,1.328,1.328
2024-03-14 10:00:00,5.0,25S,37.0,12.0,1.313,1.277,1.366,1.455,1.258
2024-03-14 10:00:00,5.0,25S,20.0,12.0,1.279,1.469,1.194,0.983,0.859
2024-03-12 18:00:00,5.0,20S,37.0,1.0,0.22,0.716,0.404,0.763,0.369
2024-03-12 18:00:00,5.0,20S,20.0,1.0,0.296,0.357,0.398,0.294,0.356
2024-03-12 18:00:00,5.0,20S,37.0,2.0,0.504,0.485,0.464,0.448,0.492
2024-03-12 18:00:00,5.0,20S,20.0,2.0,0.324,0.425,0.475,0.303,0.244
2024-03-12 18:00:00,5.0,20S,37.0,3.0,0.208,0.498,0.591,0.473,0.361
2024-03-12 18:00:00,5.0,20S,20.0,3.0,0.54,0.418,0.504,0.304,0.555
2024-03-12 18:00:00,5.0,20S,37.0,4.0,0.613,0.601,0.56,0.608,0.409
2024-03-12 18:00:00,5.0,20S,20.0,4.0,0.362,0.515,0.467,0.308,0.299
2024-03-12 18:00:00,5.0,20S,37.0,5.0,0.29,0.318,0.379,0.38,0.345
2024-03-12 18:00:00,5.0,20S,20.0,5.0,0.321,0.457,0.494,0.466,0.234
2024-03-12 18:00:00,5.0,20S,37.0,6.0,0.517,0.437,0.506,0.657,0.393
2024-03-12 18:00:00,5.0,20S,20.0,6.0,0.491,0.524,0.411,0.287,0.349
2024-03-12 18:00:00,5.0,20S,37.0,7.0,0.462,0.345,0.382,0.527,0.458
2024-03-12 18:00:00,5.0,20S,20.0,7.0,0.488,0.481,0.417,0.379,0.467
2024-03-12 18:00:00,5.0,20S,37.0,8.0,0.659,0.8,0.689,0.619,0.831
2024-03-12 18:00:00,5.0,20S,20.0,8.0,0.444,0.505,0.583,0.308,0.384
2024-03-12 18:00:00,5.0,20S,37.0,9.0,0.422,0.454,0.345,0.271,0.469
2024-03-12 18:00:00,5.0,20S,20.0,9.0,0.461,0.389,0.496,0.293,0.306
2024-03-12 18:00:00,5.0,20S,37.0,10.0,0.433,0.578,0.645,0.507,0.452
2024-03-12 18:00:00,5.0,20S,20.0,10.0,0.334,0.496,0.31,0.484,0.376
2024-03-12 18:00:00,5.0,20S,37.0,11.0,0.538,0.42,0.445,0.405,0.475
2024-03-12 18:00:00,5.0,20S,20.0,11.0,0.423,0.392,0.302,0.33,0.308
2024-03-12 18:00:00,5.0,20S,37.0,12.0,0.681,0.67,0.709,0.769,0.541
2024-03-12 18:00:00,5.0,20S,20.0,12.0,0.456,0.559,0.329,0.386,0.413
2024-03-12 18:00:00,5.0,37S,37.0,1.0,1.267,1.017,0.827,0.878,0.781
2024-03-12 18:00:00,5.0,37S,20.0,1.0,0.54,0.484,0.431,0.398,0.389
2024-03-12 18:00:00,5.0,37S,37.0,2.0,0.594,0.426,1.031,0.48,0.846
2024-03-12 18:00:00,5.0,37S,20.0,2.0,0.312,0.353,0.298,0.505,0.313
2024-03-12 18:00:00,5.0,37S,37.0,3.0,1.049,0.573,0.608,0.543,0.743
2024-03-12 18:00:00,5.0,37S,20.0,3.0,0.353,0.303,0.431,0.303,0.69
2024-03-12 18:00:00,5.0,37S,37.0,4.0,0.493,0.617,0.525,0.505,0.58
2024-03-12 18:00:00,5.0,37S,20.0,4.0,0.324,0.441,0.418,0.553,0.427
2024-03-12 18:00:00,5.0,37S,37.0,5.0,0.557,0.701,0.633,0.493,0.456
2024-03-12 18:00:00,5.0,37S,20.0,5.0,0.291,0.316,0.347,0.277,0.348
2024-03-12 18:00:00,5.0,37S,37.0,6.0,0.543,0.837,0.653,0.536,0.818
2024-03-12 18:00:00,5.0,37S,20.0,6.0,0.51,0.427,0.787,0.403,0.444
2024-03-12 18:00:00,5.0,37S,37.0,7.0,0.779,0.784,0.416,0.591,0.862
2024-03-12 18:00:00,5.0,37S,20.0,7.0,0.331,0.314,0.346,0.393,0.419
2024-03-12 18:00:00,5.0,37S,37.0,8.0,0.993,0.892,0.933,0.808,0.784
2024-03-12 18:00:00,5.0,37S,20.0,8.0,0.507,0.665,0.378,0.391,0.558
2024-03-12 18:00:00,5.0,37S,37.0,9.0,0.73,0.57,0.511,0.514,0.45
2024-03-12 18:00:00,5.0,37S,20.0,9.0,0.364,0.379,0.411,0.433,0.459
2024-03-12 18:00:00,5.0,37S,37.0,10.0,0.604,1.017,0.602,1.066,0.883
2024-03-12 18:00:00,5.0,37S,20.0,10.0,0.38,0.514,0.334,0.539,0.528
2024-03-12 18:00:00,5.0,37S,37.0,11.0,0.671,0.595,0.66,0.715,0.603
2024-03-12 18:00:00,5.0,37S,20.0,11.0,0.45,0.454,0.453,0.367,0.38
2024-03-12 18:00:00,5.0,37S,37.0,12.0,0.911,0.93,0.916,0.792,0.838
2024-03-12 18:00:00,5.0,37S,20.0,12.0,0.469,0.341,0.52,0.363,0.476
2024-03-12 18:00:00,5.0,P,37.0,1.0,0.916,0.738,0.686,0.907,0.862
2024-03-12 18:00:00,5.0,P,20.0,1.0,0.269,0.33,0.306,0.184,0.187
2024-03-12 18:00:00,5.0,P,37.0,2.0,0.687,0.548,0.617,0.747,0.778
2024-03-12 18:00:00,5.0,P,20.0,2.0,0.295,0.382,0.317,0.355,0.318
2024-03-12 18:00:00,5.0,P,37.0,3.0,0.669,0.813,0.715,0.798,0.73
2024-03-12 18:00:00,5.0,P,20.0,3.0,0.29,0.383,0.41,0.305,0.628
2024-03-12 18:00:00,5.0,P,37.0,4.0,0.7,0.545,0.682,0.768,0.65
2024-03-12 18:00:00,5.0,P,20.0,4.0,0.281,0.416,0.355,0.49,0.341
2024-03-12 18:00:00,5.0,P,37.0,5.0,0.682,0.683,0.594,0.478,0.674
2024-03-12 18:00:00,5.0,P,20.0,5.0,0.192,0.34,0.462,0.321,0.213
2024-03-12 18:00:00,5.0,P,37.0,6.0,0.899,0.777,0.711,0.929,0.971
2024-03-12 18:00:00,5.0,P,20.0,6.0,0.396,0.56,0.402,0.295,0.329
2024-03-12 18:00:00,5.0,P,37.0,7.0,0.776,0.719,0.842,0.735,0.636
2024-03-12 18:00:00,5.0,P,20.0,7.0,0.317,0.189,0.233,0.346,0.254
2024-03-12 18:00:00,5.0,P,37.0,8.0,0.644,0.55,0.725,0.81,0.768
2024-03-12 18:00:00,5.0,P,20.0,8.0,0.456,0.646,0.329,0.329,0.351
2024-03-12 18:00:00,5.0,P,37.0,9.0,0.738,0.681,0.546,0.603,0.59
2024-03-12 18:00:00,5.0,P,20.0,9.0,0.299,0.284,0.285,0.569,0.56
2024-03-12 18:00:00,5.0,P,37.0,10.0,0.875,0.747,0.748,0.965,0.665
2024-03-12 18:00:00,5.0,P,20.0,10.0,0.323,0.418,0.403,0.424,0.557
2024-03-12 18:00:00,5.0,P,37.0,11.0,0.838,0.948,0.898,1.099,0.539
2024-03-12 18:00:00,5.0,P,20.0,11.0,0.193,0.325,0.227,0.17,0.229
2024-03-12 18:00:00,5.0,P,37.0,12.0,0.603,0.847,0.611,0.597,0.667
2024-03-12 18:00:00,5.0,P,20.0,12.0,0.331,0.371,0.419,0.355,0.332
2024-03-12 18:00:00,5.0,25S,37.0,1.0,0.401,0.408,0.52,0.406,0.767
2024-03-12 18:00:00,5.0,25S,20.0,1.0,0.535,0.812,0.787,0.63,0.85
2024-03-12 18:00:00,5.0,25S,37.0,2.0,0.313,0.438,0.317,0.541,0.765
2024-03-12 18:00:00,5.0,25S,20.0,2.0,0.74,0.589,0.808,0.475,0.699
2024-03-12 18:00:00,5.0,25S,37.0,3.0,0.398,0.586,0.597,0.506,0.692
2024-03-12 18:00:00,5.0,25S,20.0,3.0,0.399,0.361,0.564,0.384,0.627
2024-03-12 18:00:00,5.0,25S,37.0,4.0,0.379,0.63,0.448,0.61,0.519
2024-03-12 18:00:00,5.0,25S,20.0,4.0,0.219,0.554,0.35,0.278,0.225
2024-03-12 18:00:00,5.0,25S,37.0,5.0,0.376,0.52,0.303,0.396,0.623
2024-03-12 18:00:00,5.0,25S,20.0,5.0,0.335,0.426,0.754,0.55,0.338
2024-03-12 18:00:00,5.0,25S,37.0,6.0,0.315,0.477,0.578,0.651,0.511
2024-03-12 18:00:00,5.0,25S,20.0,6.0,0.383,0.627,0.313,0.206,0.462
2024-03-12 18:00:00,5.0,25S,37.0,7.0,0.753,0.46,0.431,0.579,0.53
2024-03-12 18:00:00,5.0,25S,20.0,7.0,0.56,0.287,0.341,0.31,0.47
2024-03-12 18:00:00,5.0,25S,37.0,8.0,0.717,0.671,0.682,0.879,0.786
2024-03-12 18:00:00,5.0,25S,20.0,8.0,0.509,0.314,0.497,0.402,0.391
2024-03-12 18:00:00,5.0,25S,37.0,9.0,0.575,0.554,0.506,0.631,0.773
2024-03-12 18:00:00,5.0,25S,20.0,9.0,0.31,0.339,0.542,0.517,0.396
2024-03-12 18:00:00,5.0,25S,37.0,10.0,0.499,0.682,0.494,0.625,0.631
2024-03-12 18:00:00,5.0,25S,20.0,10.0,0.462,0.511,0.395,0.618,0.39
2024-03-12 18:00:00,5.0,25S,37.0,11.0,0.531,0.469,0.552,0.618,0.634
2024-03-12 18:00:00,5.0,25S,20.0,11.0,0.567,0.653,0.381,0.476,0.367
2024-03-12 18:00:00,5.0,25S,37.0,12.0,0.589,0.579,0.513,0.506,0.44
2024-03-12 18:00:00,5.0,25S,20.0,12.0,0.615,0.594,0.669,0.462,0.511
2024-03-11 14:00:00,5.0,20S,37.0,1.0,0.128,0.112,0.103,0.119,0.087
2024-03-11 14:00:00,5.0,20S,20.0,1.0,0.129,0.122,0.088,0.093,0.104
2024-03-11 14:00:00,5.0,20S,37.0,2.0,0.103,0.101,0.099,0.11,0.09
2024-03-11 14:00:00,5.0,20S,20.0,2.0,0.09,0.072,0.108,0.07,0.072
2024-03-11 14:00:00,5.0,20S,37.0,3.0,0.086,0.088,0.098,0.096,0.09
2024-03-11 14:00:00,5.0,20S,20.0,3.0,0.134,0.152,0.151,0.131,0.059
2024-03-11 14:00:00,5.0,20S,37.0,4.0,0.121,0.093,0.081,0.106,0.074
2024-03-11 14:00:00,5.0,20S,20.0,4.0,0.08,0.129,0.112,0.065,0.087
2024-03-11 14:00:00,5.0,20S,37.0,5.0,0.126,0.066,0.105,0.09,0.08
2024-03-11 14:00:00,5.0,20S,20.0,5.0,0.122,0.153,0.143,0.15,0.066
2024-03-11 14:00:00,5.0,20S,37.0,6.0,0.101,0.129,0.104,0.099,0.085
2024-03-11 14:00:00,5.0,20S,20.0,6.0,0.126,0.06,0.091,0.098,0.095
2024-03-11 14:00:00,5.0,20S,37.0,7.0,0.116,0.109,0.119,0.117,0.085
2024-03-11 14:00:00,5.0,20S,20.0,7.0,0.107,0.068,0.113,0.149,0.129
2024-03-11 14:00:00,5.0,20S,37.0,8.0,0.137,0.112,0.089,0.081,0.091
2024-03-11 14:00:00,5.0,20S,20.0,8.0,0.113,0.065,0.119,0.094,0.088
2024-03-11 14:00:00,5.0,20S,37.0,9.0,0.082,0.088,0.088,0.088,0.091
2024-03-11 14:00:00,5.0,20S,20.0,9.0,0.14,0.123,0.144,0.073,0.07
2024-03-11 14:00:00,5.0,20S,37.0,10.0,0.094,0.096,0.096,0.097,0.088
2024-03-11 14:00:00,5.0,20S,20.0,10.0,0.092,0.081,0.076,0.076,0.087
2024-03-11 14:00:00,5.0,20S,37.0,11.0,0.113,0.111,0.103,0.085,0.107
2024-03-11 14:00:00,5.0,20S,20.0,11.0,0.141,0.056,0.068,0.122,0.102
2024-03-11 14:00:00,5.0,20S,37.0,12.0,0.108,0.119,0.078,0.079,0.075
2024-03-11 14:00:00,5.0,20S,20.0,12.0,0.086,0.069,0.093,0.157,0.109
2024-03-11 14:00:00,5.0,37S,37.0,1.0,0.295,0.269,0.214,0.253,0.183
2024-03-11 14:00:00,5.0,37S,20.0,1.0,0.27,0.163,0.157,0.17,0.105
2024-03-11 14:00:00,5.0,37S,37.0,2.0,0.229,0.142,0.2,0.155,0.21
2024-03-11 14:00:00,5.0,37S,20.0,2.0,0.114,0.152,0.14,0.178,0.123
2024-03-11 14:00:00,5.0,37S,37.0,3.0,0.179,0.156,0.174,0.153,0.206
2024-03-11 14:00:00,5.0,37S,20.0,3.0,0.15,0.123,0.135,0.156,0.16
2024-03-11 14:00:00,5.0,37S,37.0,4.0,0.138,0.183,0.158,0.171,0.107
2024-03-11 14:00:00,5.0,37S,20.0,4.0,0.136,0.117,0.13,0.145,0.137
2024-03-11 14:00:00,5.0,37S,37.0,5.0,0.192,0.168,0.181,0.197,0.173
2024-03-11 14:00:00,5.0,37S,20.0,5.0,0.154,0.118,0.118,0.123,0.161
2024-03-11 14:00:00,5.0,37S,37.0,6.0,0.147,0.184,0.161,0.129,0.158
2024-03-11 14:00:00,5.0,37S,20.0,6.0,0.147,0.158,0.121,0.168,0.12
2024-03-11 14:00:00,5.0,37S,37.0,7.0,0.163,0.182,0.178,0.17,0.205
2024-03-11 14:00:00,5.0,37S,20.0,7.0,0.127,0.151,0.138,0.133,0.126
2024-03-11 14:00:00,5.0,37S,37.0,8.0,0.22,0.182,0.225,0.191,0.139
2024-03-11 14:00:00,5.0,37S,20.0,8.0,0.133,0.141,0.112,0.177,0.131
2024-03-11 14:00:00,5.0,37S,37.0,9.0,0.148,0.139,0.152,0.151,0.146
2024-03-11 14:00:00,5.0,37S,20.0,9.0,0.106,0.115,0.163,0.148,0.123
2024-03-11 14:00:00,5.0,37S,37.0,10.0,0.199,0.218,0.213,0.214,0.246
2024-03-11 14:00:00,5.0,37S,20.0,10.0,0.108,0.101,0.142,0.106,0.144
2024-03-11 14:00:00,5.0,37S,37.0,11.0,0.162,0.18,0.251,0.2,0.189
2024-03-11 14:00:00,5.0,37S,20.0,11.0,0.186,0.172,0.199,0.125,0.2
2024-03-11 14:00:00,5.0,37S,37.0,12.0,0.24,0.247,0.278,0.216,0.218
2024-03-11 14:00:00,5.0,37S,20.0,12.0,0.212,0.204,0.227,0.24,0.197
2024-03-11 14:00:00,5.0,P,37.0,1.0,0.183,0.2,0.17,0.224,0.149
2024-03-11 14:00:00,5.0,P,20.0,1.0,0.133,0.151,0.132,0.13,0.155
2024-03-11 14:00:00,5.0,P,37.0,2.0,0.153,0.167,0.16,0.16,0.16
2024-03-11 14:00:00,5.0,P,20.0,2.0,0.106,0.096,0.11,0.119,0.149
2024-03-11 14:00:00,5.0,P,37.0,3.0,0.181,0.168,0.168,0.167,0.142
2024-03-11 14:00:00,5.0,P,20.0,3.0,0.125,0.129,0.12,0.094,0.087
2024-03-11 14:00:00,5.0,P,37.0,4.0,0.114,0.13,0.159,0.155,0.124
2024-03-11 14:00:00,5.0,P,20.0,4.0,0.102,0.102,0.114,0.094,0.126
2024-03-11 14:00:00,5.0,P,37.0,5.0,0.107,0.138,0.111,0.123,0.121
2024-03-11 14:00:00,5.0,P,20.0,5.0,0.114,0.105,0.121,0.122,0.111
2024-03-11 14:00:00,5.0,P,37.0,6.0,0.276,0.17,0.193,0.259,0.274
2024-03-11 14:00:00,5.0,P,20.0,6.0,0.132,0.109,0.14,0.113,0.134
2024-03-11 14:00:00,5.0,P,37.0,7.0,0.153,0.15,0.16,0.18,0.223
2024-03-11 14:00:00,5.0,P,20.0,7.0,0.114,0.108,0.112,0.105,0.117
2024-03-11 14:00:00,5.0,P,37.0,8.0,0.166,0.115,0.169,0.196,0.222
2024-03-11 14:00:00,5.0,P,20.0,8.0,0.086,0.091,0.112,0.132,0.139
2024-03-11 14:00:00,5.0,P,37.0,9.0,0.152,0.13,0.142,0.158,0.166
2024-03-11 14:00:00,5.0,P,20.0,9.0,0.123,0.096,0.096,0.108,0.118
2024-03-11 14:00:00,5.0,P,37.0,10.0,0.159,0.139,0.158,0.169,0.214
2024-03-11 14:00:00,5.0,P,20.0,10.0,0.149,0.145,0.148,0.136,0.104
2024-03-11 14:00:00,5.0,P,37.0,11.0,0.139,0.184,0.173,0.187,0.172
2024-03-11 14:00:00,5.0,P,20.0,11.0,0.141,0.129,0.105,0.18,0.092
2024-03-11 14:00:00,5.0,P,37.0,12.0,0.121,0.185,0.165,0.168,0.157
2024-03-11 14:00:00,5.0,P,20.0,12.0,0.135,0.138,0.105,0.203,0.142
2024-03-11 14:00:00,5.0,25S,37.0,1.0,0.099,0.13,0.131,0.187,0.291
2024-03-11 14:00:00,5.0,25S,20.0,1.0,0.079,0.186,0.185,0.158,0.172
2024-03-11 14:00:00,5.0,25S,37.0,2.0,0.156,0.104,0.246,0.146,0.19
2024-03-11 14:00:00,5.0,25S,20.0,2.0,0.263,0.146,0.155,0.101,0.167
2024-03-11 14:00:00,5.0,25S,37.0,3.0,0.106,0.216,0.222,0.162,0.114
2024-03-11 14:00:00,5.0,25S,20.0,3.0,0.102,0.116,0.131,0.086,0.057
2024-03-11 14:00:00,5.0,25S,37.0,4.0,0.125,0.222,0.24,0.112,0.11
2024-03-11 14:00:00,5.0,25S,20.0,4.0,0.095,0.11,0.117,0.059,0.126
2024-03-11 14:00:00,5.0,25S,37.0,5.0,0.113,0.257,0.121,0.159,0.11
2024-03-11 14:00:00,5.0,25S,20.0,5.0,0.078,0.125,0.109,0.11,0.08
2024-03-11 14:00:00,5.0,25S,37.0,6.0,0.136,0.088,0.228,0.116,0.264
2024-03-11 14:00:00,5.0,25S,20.0,6.0,0.107,0.07,0.078,0.122,0.114
2024-03-11 14:00:00,5.0,25S,37.0,7.0,0.121,0.134,0.139,0.139,0.17
2024-03-11 14:00:00,5.0,25S,20.0,7.0,0.148,0.134,0.118,0.058,0.116
2024-03-11 14:00:00,5.0,25S,37.0,8.0,0.163,0.153,0.072,0.147,0.14
2024-03-11 14:00:00,5.0,25S,20.0,8.0,0.086,0.086,0.114,0.11,0.123
2024-03-11 14:00:00,5.0,25S,37.0,9.0,0.211,0.314,0.164,0.13,0.109
2024-03-11 14:00:00,5.0,25S,20.0,9.0,0.1,0.121,0.121,0.075,0.102
2024-03-11 14:00:00,5.0,25S,37.0,10.0,0.14,0.172,0.252,0.159,0.125
2024-03-11 14:00:00,5.0,25S,20.0,10.0,0.103,0.131,0.098,0.115,0.062
2024-03-11 14:00:00,5.0,25S,37.0,11.0,0.122,0.087,0.117,0.125,0.126
2024-03-11 14:00:00,5.0,25S,20.0,11.0,0.121,0.073,0.1,0.121,0.109
2024-03-11 14:00:00,5.0,25S,37.0,12.0,0.084,0.17,0.095,0.126,0.146
2024-03-11 14:00:00,5.0,25S,20.0,12.0,0.139,0.113,0.095,0.128,0.117
2024-03-13 10:00:00,5.0,20S,37.0,1.0,0.744,0.716,0.621,0.51,0.544
2024-03-13 10:00:00,5.0,20S,20.0,1.0,0.562,0.84,0.744,0.696,0.798
2024-03-13 10:00:00,5.0,20S,37.0,2.0,0.686,0.599,0.547,0.733,0.626
2024-03-13 10:00:00,5.0,20S,20.0,2.0,0.969,0.841,1.082,0.75,0.776
2024-03-13 10:00:00,5.0,20S,37.0,3.0,0.693,0.701,0.723,0.511,0.538
2024-03-13 10:00:00,5.0,20S,20.0,3.0,0.94,0.768,0.783,0.732,0.779
2024-03-13 10:00:00,5.0,20S,37.0,4.0,0.456,1.134,0.968,0.642,0.487
2024-03-13 10:00:00,5.0,20S,20.0,4.0,0.807,0.827,0.788,0.771,0.715
2024-03-13 10:00:00,5.0,20S,37.0,5.0,0.483,0.681,0.503,0.682,0.454
2024-03-13 10:00:00,5.0,20S,20.0,5.0,0.732,0.833,0.791,0.846,0.749
2024-03-13 10:00:00,5.0,20S,37.0,6.0,0.782,0.803,0.882,0.417,0.717
2024-03-13 10:00:00,5.0,20S,20.0,6.0,0.853,0.864,0.751,0.721,0.76
2024-03-13 10:00:00,5.0,20S,37.0,7.0,0.713,0.7,0.694,0.839,0.917
2024-03-13 10:00:00,5.0,20S,20.0,7.0,0.88,0.952,0.889,0.784,0.889
2024-03-13 10:00:00,5.0,20S,37.0,8.0,1.224,1.192,1.088,1.031,0.918
2024-03-13 10:00:00,5.0,20S,20.0,8.0,0.831,0.832,0.907,0.847,0.914
2024-03-13 10:00:00,5.0,20S,37.0,9.0,0.869,0.865,0.943,0.789,0.491
2024-03-13 10:00:00,5.0,20S,20.0,9.0,0.846,0.715,0.747,0.794,0.84
2024-03-13 10:00:00,5.0,20S,37.0,10.0,0.755,0.828,0.523,0.706,0.624
2024-03-13 10:00:00,5.0,20S,20.0,10.0,0.737,0.76,0.803,0.774,0.888
2024-03-13 10:00:00,5.0,20S,37.0,11.0,0.636,0.676,0.824,0.7,0.727
2024-03-13 10:00:00,5.0,20S,20.0,11.0,0.769,0.839,0.878,0.697,0.812
2024-03-13 10:00:00,5.0,20S,37.0,12.0,1.006,1.132,0.859,1.077,1.12
2024-03-13 10:00:00,5.0,20S,20.0,12.0,0.713,0.758,0.82,0.913,0.908
2024-03-13 10:00:00,5.0,37S,37.0,1.0,0.681,0.414,0.387,0.365,0.354
2024-03-13 10:00:00,5.0,37S,20.0,1.0,1.293,1.195,0.793,0.971,0.823
2024-03-13 10:00:00,5.0,37S,37.0,2.0,0.724,0.51,0.987,0.522,0.447
2024-03-13 10:00:00,5.0,37S,20.0,2.0,0.769,0.634,0.76,0.668,0.502
2024-03-13 10:00:00,5.0,37S,37.0,3.0,0.385,0.315,0.369,0.338,0.563
2024-03-13 10:00:00,5.0,37S,20.0,3.0,0.851,0.542,0.836,0.972,0.996
2024-03-13 10:00:00,5.0,37S,37.0,4.0,0.408,0.516,0.471,0.39,0.3
2024-03-13 10:00:00,5.0,37S,20.0,4.0,0.692,0.704,0.615,0.8,0.635
2024-03-13 10:00:00,5.0,37S,37.0,5.0,0.873,0.789,0.717,0.694,0.532
2024-03-13 10:00:00,5.0,37S,20.0,5.0,0.529,0.581,0.56,0.631,0.629
2024-03-13 10:00:00,5.0,37S,37.0,6.0,0.433,0.548,0.298,0.336,0.359
2024-03-13 10:00:00,5.0,37S,20.0,6.0,1.107,1.138,1.114,1.168,0.972
2024-03-13 10:00:00,5.0,37S,37.0,7.0,0.644,0.748,0.681,0.485,0.446
2024-03-13 10:00:00,5.0,37S,20.0,7.0,0.889,0.806,0.784,0.9,0.771
2024-03-13 10:00:00,5.0,37S,37.0,8.0,1.522,0.919,1.301,1.041,0.956
2024-03-13 10:00:00,5.0,37S,20.0,8.0,0.946,1.156,0.79,0.842,0.976
2024-03-13 10:00:00,5.0,37S,37.0,9.0,0.443,0.335,0.623,0.765,0.467
2024-03-13 10:00:00,5.0,37S,20.0,9.0,0.997,0.715,0.692,0.66,0.659
2024-03-13 10:00:00,5.0,37S,37.0,10.0,0.883,0.57,0.484,0.693,0.742
2024-03-13 10:00:00,5.0,37S,20.0,10.0,0.955,0.854,0.95,0.798,1.0
2024-03-13 10:00:00,5.0,37S,37.0,11.0,0.356,0.404,0.476,0.306,0.373
2024-03-13 10:00:00,5.0,37S,20.0,11.0,0.813,1.028,1.005,0.659,0.783
2024-03-13 10:00:00,5.0,37S,37.0,12.0,0.741,0.909,1.152,0.369,0.614
2024-03-13 10:00:00,5.0,37S,20.0,12.0,1.173,1.274,1.028,1.359,1.118
2024-03-13 10:00:00,5.0,P,37.0,1.0,1.376,1.125,1.002,1.182,1.121
2024-03-13 10:00:00,5.0,P,20.0,1.0,0.74,0.859,1.043,0.641,0.689
2024-03-13 10:00:00,5.0,P,37.0,2.0,0.72,0.813,1.061,0.433,0.986
2024-03-13 10:00:00,5.0,P,20.0,2.0,0.773,0.767,0.889,0.916,0.776
2024-03-13 10:00:00,5.0,P,37.0,3.0,0.732,0.437,0.771,0.508,0.465
2024-03-13 10:00:00,5.0,P,20.0,3.0,1.109,0.81,0.89,1.023,1.078
2024-03-13 10:00:00,5.0,P,37.0,4.0,0.555,0.738,0.792,0.419,0.424
2024-03-13 10:00:00,5.0,P,20.0,4.0,0.772,0.872,0.763,0.928,0.979
2024-03-13 10:00:00,5.0,P,37.0,5.0,0.503,0.498,0.449,0.448,0.482
2024-03-13 10:00:00,5.0,P,20.0,5.0,0.82,0.652,0.814,0.731,0.743
2024-03-13 10:00:00,5.0,P,37.0,6.0,1.593,1.015,0.89,1.268,1.621
2024-03-13 10:00:00,5.0,P,20.0,6.0,0.92,1.066,1.017,1.041,0.963
2024-03-13 10:00:00,5.0,P,37.0,7.0,0.714,0.312,0.329,0.452,0.793
2024-03-13 10:00:00,5.0,P,20.0,7.0,0.762,0.819,0.783,0.913,0.847
2024-03-13 10:00:00,5.0,P,37.0,8.0,0.588,0.405,0.918,0.455,0.524
2024-03-13 10:00:00,5.0,P,20.0,8.0,1.04,1.009,0.817,0.803,0.804
2024-03-13 10:00:00,5.0,P,37.0,9.0,0.327,0.444,0.442,0.46,0.361
2024-03-13 10:00:00,5.0,P,20.0,9.0,0.716,0.688,0.697,0.869,0.84
2024-03-13 10:00:00,5.0,P,37.0,10.0,0.586,0.61,0.531,0.532,0.372
2024-03-13 10:00:00,5.0,P,20.0,10.0,1.003,0.963,0.95,0.874,1.079
2024-03-13 10:00:00,5.0,P,37.0,11.0,0.989,0.952,0.461,0.599,0.384
2024-03-13 10:00:00,5.0,P,20.0,11.0,0.812,0.567,0.562,0.667,0.628
2024-03-13 10:00:00,5.0,P,37.0,12.0,1.125,1.261,0.503,1.01,0.831
2024-03-13 10:00:00,5.0,P,20.0,12.0,0.799,1.009,0.747,0.844,0.907
2024-03-13 10:00:00,5.0,25S,37.0,1.0,0.536,0.465,0.621,0.529,0.643
2024-03-13 10:00:00,5.0,25S,20.0,1.0,1.317,1.278,1.345,1.273,1.252
2024-03-13 10:00:00,5.0,25S,37.0,2.0,0.521,0.453,0.72,0.585,0.705
2024-03-13 10:00:00,5.0,25S,20.0,2.0,0.898,1.365,1.265,1.306,1.509
2024-03-13 10:00:00,5.0,25S,37.0,3.0,0.463,0.51,0.489,0.515,0.537
2024-03-13 10:00:00,5.0,25S,20.0,3.0,1.143,1.116,1.357,1.148,1.198
2024-03-13 10:00:00,5.0,25S,37.0,4.0,0.565,0.545,0.55,0.473,0.382
2024-03-13 10:00:00,5.0,25S,20.0,4.0,0.901,0.689,0.68,0.913,0.663
2024-03-13 10:00:00,5.0,25S,37.0,5.0,0.56,0.764,0.52,0.643,0.438
2024-03-13 10:00:00,5.0,25S,20.0,5.0,1.171,1.136,1.176,0.856,1.135
2024-03-13 10:00:00,5.0,25S,37.0,6.0,0.417,0.447,0.571,0.493,0.511
2024-03-13 10:00:00,5.0,25S,20.0,6.0,0.747,1.179,1.076,0.598,0.89
2024-03-13 10:00:00,5.0,25S,37.0,7.0,0.8,0.462,0.471,0.567,0.871
2024-03-13 10:00:00,5.0,25S,20.0,7.0,1.052,1.416,1.242,1.071,1.045
2024-03-13 10:00:00,5.0,25S,37.0,8.0,1.205,1.35,0.848,0.72,0.516
2024-03-13 10:00:00,5.0,25S,20.0,8.0,1.067,1.05,1.002,0.761,0.781
2024-03-13 10:00:00,5.0,25S,37.0,9.0,0.746,0.563,0.509,0.663,0.58
2024-03-13 10:00:00,5.0,25S,20.0,9.0,1.114,0.957,1.068,1.13,1.183
2024-03-13 10:00:00,5.0,25S,37.0,10.0,0.427,0.581,0.401,0.555,0.72
2024-03-13 10:00:00,5.0,25S,20.0,10.0,1.115,0.859,1.062,0.841,1.004
2024-03-13 10:00:00,5.0,25S,37.0,11.0,0.618,0.538,0.504,0.567,0.638
2024-03-13 10:00:00,5.0,25S,20.0,11.0,1.133,1.085,1.171,0.818,1.07
2024-03-13 10:00:00,5.0,25S,37.0,12.0,0.833,0.624,0.828,0.955,0.528
2024-03-13 10:00:00,5.0,25S,20.0,12.0,1.243,0.867,1.047,0.894,0.871
2024-03-11 18:00:00,5.0,20S,37.0,1.0,0.109,0.162,0.164,0.14,0.134
2024-03-11 18:00:00,5.0,20S,20.0,1.0,0.128,0.272,0.165,0.137,0.145
2024-03-11 18:00:00,5.0,20S,37.0,2.0,0.114,0.107,0.106,0.111,0.091
2024-03-11 18:00:00,5.0,20S,20.0,2.0,0.097,0.129,0.104,0.102,0.094
2024-03-11 18:00:00,5.0,20S,37.0,3.0,0.084,0.13,0.163,0.095,0.119
2024-03-11 18:00:00,5.0,20S,20.0,3.0,0.185,0.091,0.096,0.102,0.117
2024-03-11 18:00:00,5.0,20S,37.0,4.0,0.079,0.102,0.095,0.087,0.093
2024-03-11 18:00:00,5.0,20S,20.0,4.0,0.101,0.094,0.082,0.113,0.102
2024-03-11 18:00:00,5.0,20S,37.0,5.0,0.1,0.099,0.11,0.122,0.115
2024-03-11 18:00:00,5.0,20S,20.0,5.0,0.134,0.098,0.121,0.164,0.086
2024-03-11 18:00:00,5.0,20S,37.0,6.0,0.142,0.119,0.123,0.109,0.113
2024-03-11 18:00:00,5.0,20S,20.0,6.0,0.1,0.132,0.106,0.09,0.077
2024-03-11 18:00:00,5.0,20S,37.0,7.0,0.115,0.102,0.117,0.105,0.153
2024-03-11 18:00:00,5.0,20S,20.0,7.0,0.109,0.112,0.101,0.096,0.13
2024-03-11 18:00:00,5.0,20S,37.0,8.0,0.089,0.09,0.097,0.103,0.096
2024-03-11 18:00:00,5.0,20S,20.0,8.0,0.145,0.144,0.095,0.098,0.09
2024-03-11 18:00:00,5.0,20S,37.0,9.0,0.113,0.11,0.099,0.095,0.103
2024-03-11 18:00:00,5.0,20S,20.0,9.0,0.094,0.073,0.079,0.09,0.095
2024-03-11 18:00:00,5.0,20S,37.0,10.0,0.12,0.117,0.151,0.128,0.097
2024-03-11 18:00:00,5.0,20S,20.0,10.0,0.088,0.085,0.074,0.091,0.112
2024-03-11 18:00:00,5.0,20S,37.0,11.0,0.141,0.124,0.11,0.138,0.121
2024-03-11 18:00:00,5.0,20S,20.0,11.0,0.071,0.072,0.131,0.069,0.084
2024-03-11 18:00:00,5.0,20S,37.0,12.0,0.088,0.098,0.08,0.101,0.085
2024-03-11 18:00:00,5.0,20S,20.0,12.0,0.093,0.095,0.096,0.09,0.089
2024-03-11 18:00:00,5.0,37S,37.0,1.0,0.335,0.31,0.243,0.272,0.204
2024-03-11 18:00:00,5.0,37S,20.0,1.0,0.34,0.197,0.191,0.193,0.164
2024-03-11 18:00:00,5.0,37S,37.0,2.0,0.24,0.13,0.221,0.161,0.228
2024-03-11 18:00:00,5.0,37S,20.0,2.0,0.165,0.152,0.188,0.171,0.156
2024-03-11 18:00:00,5.0,37S,37.0,3.0,0.202,0.17,0.201,0.159,0.226
2024-03-11 18:00:00,5.0,37S,20.0,3.0,0.158,0.133,0.182,0.18,0.17
2024-03-11 18:00:00,5.0,37S,37.0,4.0,0.148,0.202,0.168,0.184,0.102
2024-03-11 18:00:00,5.0,37S,20.0,4.0,0.153,0.12,0.141,0.157,0.157
2024-03-11 18:00:00,5.0,37S,37.0,5.0,0.212,0.173,0.184,0.199,0.168
2024-03-11 18:00:00,5.0,37S,20.0,5.0,0.147,0.126,0.122,0.125,0.165
2024-03-11 18:00:00,5.0,37S,37.0,6.0,0.16,0.201,0.168,0.14,0.169
2024-03-11 18:00:00,5.0,37S,20.0,6.0,0.202,0.191,0.173,0.195,0.158
2024-03-11 18:00:00,5.0,37S,37.0,7.0,0.161,0.173,0.153,0.171,0.192
2024-03-11 18:00:00,5.0,37S,20.0,7.0,0.2,0.203,0.175,0.198,0.18
2024-03-11 18:00:00,5.0,37S,37.0,8.0,0.228,0.189,0.233,0.206,0.151
2024-03-11 18:00:00,5.0,37S,20.0,8.0,0.15,0.145,0.157,0.189,0.141
2024-03-11 18:00:00,5.0,37S,37.0,9.0,0.166,0.145,0.16,0.161,0.158
2024-03-11 18:00:00,5.0,37S,20.0,9.0,0.16,0.154,0.197,0.133,0.138
2024-03-11 18:00:00,5.0,37S,37.0,10.0,0.233,0.243,0.243,0.227,0.272
2024-03-11 18:00:00,5.0,37S,20.0,10.0,0.118,0.117,0.142,0.105,0.144
2024-03-11 18:00:00,5.0,37S,37.0,11.0,0.18,0.19,0.276,0.209,0.215
2024-03-11 18:00:00,5.0,37S,20.0,11.0,0.186,0.182,0.194,0.145,0.238
2024-03-11 18:00:00,5.0,37S,37.0,12.0,0.261,0.277,0.306,0.238,0.229
2024-03-11 18:00:00,5.0,37S,20.0,12.0,0.197,0.202,0.213,0.225,0.184
2024-03-11 18:00:00,5.0,P,37.0,1.0,0.193,0.191,0.186,0.208,0.162
2024-03-11 18:00:00,5.0,P,20.0,1.0,0.131,0.131,0.129,0.143,0.148
2024-03-11 18:00:00,5.0,P,37.0,2.0,0.156,0.157,0.161,0.164,0.172
2024-03-11 18:00:00,5.0,P,20.0,2.0,0.111,0.11,0.115,0.14,0.158
2024-03-11 18:00:00,5.0,P,37.0,3.0,0.161,0.165,0.154,0.187,0.161
2024-03-11 18:00:00,5.0,P,20.0,3.0,0.169,0.182,0.114,0.165,0.113
2024-03-11 18:00:00,5.0,P,37.0,4.0,0.137,0.14,0.163,0.156,0.136
2024-03-11 18:00:00,5.0,P,20.0,4.0,0.137,0.157,0.167,0.161,0.158
2024-03-11 18:00:00,5.0,P,37.0,5.0,0.133,0.157,0.134,0.132,0.135
2024-03-11 18:00:00,5.0,P,20.0,5.0,0.13,0.123,0.11,0.109,0.139
2024-03-11 18:00:00,5.0,P,37.0,6.0,0.303,0.193,0.204,0.295,0.335
2024-03-11 18:00:00,5.0,P,20.0,6.0,0.112,0.124,0.15,0.14,0.136
2024-03-11 18:00:00,5.0,P,37.0,7.0,0.161,0.149,0.168,0.168,0.235
2024-03-11 18:00:00,5.0,P,20.0,7.0,0.171,0.15,0.151,0.113,0.129
2024-03-11 18:00:00,5.0,P,37.0,8.0,0.176,0.117,0.195,0.225,0.2
2024-03-11 18:00:00,5.0,P,20.0,8.0,0.166,0.146,0.154,0.167,0.14
2024-03-11 18:00:00,5.0,P,37.0,9.0,0.157,0.148,0.152,0.138,0.162
2024-03-11 18:00:00,5.0,P,20.0,9.0,0.173,0.134,0.113,0.147,0.142
2024-03-11 18:00:00,5.0,P,37.0,10.0,0.16,0.147,0.163,0.168,0.159
2024-03-11 18:00:00,5.0,P,20.0,10.0,0.143,0.11,0.108,0.115,0.105
2024-03-11 18:00:00,5.0,P,37.0,11.0,0.141,0.202,0.161,0.22,0.181
2024-03-11 18:00:00,5.0,P,20.0,11.0,0.115,0.12,0.106,0.138,0.104
2024-03-11 18:00:00,5.0,P,37.0,12.0,0.126,0.169,0.117,0.157,0.166
2024-03-11 18:00:00,5.0,P,20.0,12.0,0.148,0.126,0.118,0.186,0.12
2024-03-11 18:00:00,5.0,25S,37.0,1.0,0.095,0.102,0.123,0.101,0.121
2024-03-11 18:00:00,5.0,25S,20.0,1.0,0.375,0.35,0.27,0.37,0.209
2024-03-11 18:00:00,5.0,25S,37.0,2.0,0.106,0.092,0.136,0.105,0.096
2024-03-11 18:00:00,5.0,25S,20.0,2.0,0.354,0.385,0.195,0.251,0.203
2024-03-11 18:00:00,5.0,25S,37.0,3.0,0.076,0.117,0.111,0.095,0.096
2024-03-11 18:00:00,5.0,25S,20.0,3.0,0.285,0.159,0.169,0.195,0.139
2024-03-11 18:00:00,5.0,25S,37.0,4.0,0.079,0.089,0.086,0.079,0.072
2024-03-11 18:00:00,5.0,25S,20.0,4.0,0.124,0.103,0.083,0.124,0.098
2024-03-11 18:00:00,5.0,25S,37.0,5.0,0.089,0.118,0.101,0.141,0.09
2024-03-11 18:00:00,5.0,25S,20.0,5.0,0.183,0.155,0.169,0.279,0.212
2024-03-11 18:00:00,5.0,25S,37.0,6.0,0.117,0.078,0.091,0.087,0.109
2024-03-11 18:00:00,5.0,25S,20.0,6.0,0.095,0.108,0.21,0.086,0.123
2024-03-11 18:00:00,5.0,25S,37.0,7.0,0.102,0.094,0.101,0.092,0.124
2024-03-11 18:00:00,5.0,25S,20.0,7.0,0.127,0.151,0.117,0.093,0.194
2024-03-11 18:00:00,5.0,25S,37.0,8.0,0.072,0.071,0.065,0.083,0.083
2024-03-11 18:00:00,5.0,25S,20.0,8.0,0.098,0.084,0.12,0.134,0.147
2024-03-11 18:00:00,5.0,25S,37.0,9.0,0.11,0.101,0.111,0.092,0.086
2024-03-11 18:00:00,5.0,25S,20.0,9.0,0.147,0.137,0.126,0.25,0.15
2024-03-11 18:00:00,5.0,25S,37.0,10.0,0.113,0.118,0.099,0.12,0.109
2024-03-11 18:00:00,5.0,25S,20.0,10.0,0.119,0.11,0.11,0.105,0.117
2024-03-11 18:00:00,5.0,25S,37.0,11.0,0.138,0.076,0.099,0.09,0.101
2024-03-11 18:00:00,5.0,25S,20.0,11.0,0.145,0.115,0.322,0.103,0.102
2024-03-11 18:00:00,5.0,25S,37.0,12.0,0.071,0.086,0.076,0.086,0.087
2024-03-11 18:00:00,5.0,25S,20.0,12.0,0.243,0.143,0.19,0.281,0.186
2024-03-15 10:00:00,5.0,20S,37.0,1.0,0.782,1.035,0.658,1.149,0.682
2024-03-15 10:00:00,5.0,20S,20.0,1.0,1.262,1.407,1.342,1.519,1.583
2024-03-15 10:00:00,5.0,20S,37.0,2.0,0.662,0.71,0.551,1.224,0.741
2024-03-15 10:00:00,5.0,20S,20.0,2.0,0.941,0.831,1.393,0.932,1.229
2024-03-15 10:00:00,5.0,20S,37.0,3.0,0.6,0.677,0.71,0.887,0.948
2024-03-15 10:00:00,5.0,20S,20.0,3.0,1.04,1.586,1.425,1.45,1.441
2024-03-15 10:00:00,5.0,20S,37.0,4.0,1.15,0.896,0.909,1.298,1.045
2024-03-15 10:00:00,5.0,20S,20.0,4.0,1.488,1.534,1.631,1.492,1.526
2024-03-15 10:00:00,5.0,20S,37.0,5.0,0.622,0.45,0.548,0.485,1.155
2024-03-15 10:00:00,5.0,20S,20.0,5.0,1.488,1.479,1.46,1.14,1.353
2024-03-15 10:00:00,5.0,20S,37.0,6.0,0.847,0.85,1.171,1.246,0.789
2024-03-15 10:00:00,5.0,20S,20.0,6.0,1.399,1.449,1.553,1.526,1.595
2024-03-15 10:00:00,5.0,20S,37.0,7.0,0.94,0.856,1.009,0.967,0.657
2024-03-15 10:00:00,5.0,20S,20.0,7.0,1.567,1.502,1.643,1.593,1.134
2024-03-15 10:00:00,5.0,20S,37.0,8.0,0.882,0.893,0.807,0.809,1.407
2024-03-15 10:00:00,5.0,20S,20.0,8.0,1.438,1.52,1.658,1.342,1.382
2024-03-15 10:00:00,5.0,20S,37.0,9.0,0.669,0.761,0.619,0.893,1.019
2024-03-15 10:00:00,5.0,20S,20.0,9.0,1.375,1.353,1.494,1.413,1.437
2024-03-15 10:00:00,5.0,20S,37.0,10.0,1.242,0.754,1.252,1.09,1.107
2024-03-15 10:00:00,5.0,20S,20.0,10.0,1.42,1.43,1.336,1.324,1.005
2024-03-15 10:00:00,5.0,20S,37.0,11.0,0.517,1.044,1.222,0.668,1.233
2024-03-15 10:00:00,5.0,20S,20.0,11.0,1.492,1.423,1.0,1.69,1.444
2024-03-15 10:00:00,5.0,20S,37.0,12.0,1.093,0.879,1.063,0.925,1.008
2024-03-15 10:00:00,5.0,20S,20.0,12.0,1.419,1.427,0.988,0.985,1.032
2024-03-15 10:00:00,5.0,37S,37.0,1.0,1.657,1.481,1.265,1.497,1.492
2024-03-15 10:00:00,5.0,37S,20.0,1.0,1.65,1.574,1.474,1.359,1.46
2024-03-15 10:00:00,5.0,37S,37.0,2.0,1.35,1.167,1.288,1.224,1.12
2024-03-15 10:00:00,5.0,37S,20.0,2.0,1.473,1.375,1.492,1.298,1.269
2024-03-15 10:00:00,5.0,37S,37.0,3.0,0.995,0.899,0.988,0.998,1.162
2024-03-15 10:00:00,5.0,37S,20.0,3.0,1.523,1.488,1.542,1.406,1.657
2024-03-15 10:00:00,5.0,37S,37.0,4.0,1.614,1.292,1.321,1.486,1.013
2024-03-15 10:00:00,5.0,37S,20.0,4.0,1.383,1.541,1.422,1.392,1.433
2024-03-15 10:00:00,5.0,37S,37.0,5.0,1.791,1.575,1.555,1.504,1.453
2024-03-15 10:00:00,5.0,37S,20.0,5.0,1.211,1.242,1.4,1.304,1.32
2024-03-15 10:00:00,5.0,37S,37.0,6.0,1.043,1.129,1.224,1.404,1.076
2024-03-15 10:00:00,5.0,37S,20.0,6.0,1.68,1.632,1.595,1.487,1.575
2024-03-15 10:00:00,5.0,37S,37.0,7.0,1.366,1.543,1.556,1.475,1.301
2024-03-15 10:00:00,5.0,37S,20.0,7.0,1.061,1.207,1.284,1.23,1.425
2024-03-15 10:00:00,5.0,37S,37.0,8.0,1.472,1.246,1.567,1.591,1.246
2024-03-15 10:00:00,5.0,37S,20.0,8.0,1.708,1.723,1.457,1.517,1.663
2024-03-15 10:00:00,5.0,37S,37.0,9.0,1.245,1.249,1.069,1.485,1.342
2024-03-15 10:00:00,5.0,37S,20.0,9.0,1.471,1.402,1.464,1.442,1.524
2024-03-15 10:00:00,5.0,37S,37.0,10.0,1.492,1.086,1.478,1.249,1.447
2024-03-15 10:00:00,5.0,37S,20.0,10.0,1.349,1.642,1.331,1.656,1.45
2024-03-15 10:00:00,5.0,37S,37.0,11.0,0.873,1.017,1.219,1.401,1.177
2024-03-15 10:00:00,5.0,37S,20.0,11.0,1.466,1.573,1.445,1.328,1.411
2024-03-15 10:00:00,5.0,37S,37.0,12.0,1.431,1.321,1.634,1.236,1.53
2024-03-15 10:00:00,5.0,37S,20.0,12.0,1.126,1.408,1.188,1.259,1.187
2024-03-15 10:00:00,5.0,P,37.0,1.0,1.45,1.363,1.184,1.348,1.364
2024-03-15 10:00:00,5.0,P,20.0,1.0,1.232,1.159,1.078,1.223,1.423
2024-03-15 10:00:00,5.0,P,37.0,2.0,0.833,0.898,1.224,1.051,1.34
2024-03-15 10:00:00,5.0,P,20.0,2.0,1.495,1.412,1.402,1.377,1.386
2024-03-15 10:00:00,5.0,P,37.0,3.0,0.932,0.998,0.92,1.19,0.883
2024-03-15 10:00:00,5.0,P,20.0,3.0,1.481,1.398,1.417,1.418,1.348
2024-03-15 10:00:00,5.0,P,37.0,4.0,1.34,0.97,1.002,1.079,1.073
2024-03-15 10:00:00,5.0,P,20.0,4.0,1.549,1.505,1.508,1.553,1.428
2024-03-15 10:00:00,5.0,P,37.0,5.0,0.886,0.835,0.838,0.485,1.128
2024-03-15 10:00:00,5.0,P,20.0,5.0,1.489,1.453,1.593,1.544,1.494
2024-03-15 10:00:00,5.0,P,37.0,6.0,1.619,1.295,1.344,1.609,1.601
2024-03-15 10:00:00,5.0,P,20.0,6.0,1.488,1.549,1.366,1.324,1.248
2024-03-15 10:00:00,5.0,P,37.0,7.0,1.068,0.855,1.02,1.015,0.913
2024-03-15 10:00:00,5.0,P,20.0,7.0,1.497,1.321,1.324,1.427,1.295
2024-03-15 10:00:00,5.0,P,37.0,8.0,0.99,0.682,1.105,1.14,1.058
2024-03-15 10:00:00,5.0,P,20.0,8.0,1.747,1.778,1.734,1.426,1.53
2024-03-15 10:00:00,5.0,P,37.0,9.0,0.883,1.004,0.849,0.933,0.926
2024-03-15 10:00:00,5.0,P,20.0,9.0,1.636,1.53,1.62,1.49,1.5
2024-03-15 10:00:00,5.0,P,37.0,10.0,0.934,0.902,1.017,1.003,0.745
2024-03-15 10:00:00,5.0,P,20.0,10.0,1.027,1.088,1.059,1.369,1.205
2024-03-15 10:00:00,5.0,P,37.0,11.0,1.115,1.267,0.862,0.957,0.917
2024-03-15 10:00:00,5.0,P,20.0,11.0,1.0,1.219,1.184,0.953,0.99
2024-03-15 10:00:00,5.0,P,37.0,12.0,1.142,1.319,0.916,1.054,1.111
2024-03-15 10:00:00,5.0,P,20.0,12.0,1.421,1.366,1.501,1.437,1.426
2024-03-15 10:00:00,5.0,25S,37.0,1.0,0.709,0.872,1.186,0.915,1.177
2024-03-15 10:00:00,5.0,25S,20.0,1.0,1.469,1.388,1.363,1.355,1.341
2024-03-15 10:00:00,5.0,25S,37.0,2.0,1.151,0.879,1.125,1.045,1.233
2024-03-15 10:00:00,5.0,25S,20.0,2.0,0.928,1.254,1.153,1.384,1.426
2024-03-15 10:00:00,5.0,25S,37.0,3.0,0.769,1.343,1.312,1.029,1.053
2024-03-15 10:00:00,5.0,25S,20.0,3.0,1.276,1.311,1.401,1.419,1.536
2024-03-15 10:00:00,5.0,25S,37.0,4.0,1.137,1.241,1.242,1.153,1.129
2024-03-15 10:00:00,5.0,25S,20.0,4.0,1.341,1.366,1.361,1.426,1.185
2024-03-15 10:00:00,5.0,25S,37.0,5.0,0.733,0.988,0.906,1.121,1.112
2024-03-15 10:00:00,5.0,25S,20.0,5.0,1.539,1.228,1.349,0.992,1.386
2024-03-15 10:00:00,5.0,25S,37.0,6.0,0.875,0.743,1.077,1.11,1.183
2024-03-15 10:00:00,5.0,25S,20.0,6.0,1.466,1.411,1.334,1.381,1.348
2024-03-15 10:00:00,5.0,25S,37.0,7.0,1.427,0.955,1.037,1.027,1.214
2024-03-15 10:00:00,5.0,25S,20.0,7.0,1.431,1.337,1.639,1.44,1.127
2024-03-15 10:00:00,5.0,25S,37.0,8.0,1.148,1.108,1.391,1.416,1.206
2024-03-15 10:00:00,5.0,25S,20.0,8.0,1.465,1.475,1.262,1.47,1.364
2024-03-15 10:00:00,5.0,25S,37.0,9.0,1.154,1.284,1.393,1.201,0.965
2024-03-15 10:00:00,5.0,25S,20.0,9.0,1.345,1.264,1.423,1.358,1.392
2024-03-15 10:00:00,5.0,25S,37.0,10.0,0.955,1.001,1.018,1.065,1.093
2024-03-15 10:00:00,5.0,25S,20.0,10.0,1.293,1.373,1.459,1.341,1.444
2024-03-15 10:00:00,5.0,25S,37.0,11.0,1.176,0.709,1.004,1.157,1.107
2024-03-15 10:00:00,5.0,25S,20.0,11.0,1.292,1.416,1.34,1.237,1.405
2024-03-15 10:00:00,5.0,25S,37.0,12.0,1.106,1.071,1.146,1.169,1.019
2024-03-15 10:00:00,5.0,25S,20.0,12.0,1.36,1.567,1.295,0.988,0.99
