"","Condition","Temperature","Colony","Rep","OD","Area"
"1","20S","37","1","1",0.881,81.5000640055667
"2","20S","37","1","2",0.635,66.2285620501521
"3","20S","37","1","3",0.648,68.4520509923219
"4","20S","37","1","4",0.816,77.9905817905631
"5","20S","37","1","5",0.851,80.1236341622563
"6","20S","20","1","1",1.168,88.7840420929825
"7","20S","20","1","2",1.099,87.9019400436694
"8","20S","20","1","3",1.075,81.0174743556343
"9","20S","20","1","4",1.158,84.656157421163
"10","20S","20","1","5",1.532,94.5408427134988
"11","20S","37","2","1",0.679,66.0752313660859
"12","20S","37","2","2",0.591,55.5257795780516
"13","20S","37","2","3",0.677,65.2839169672341
"14","20S","37","2","4",0.641,60.0398611598343
"15","20S","37","2","5",0.829,74.1599719017253
"16","20S","20","2","1",1.433,84.7278582768487
"17","20S","20","2","2",1.625,89.814981471012
"18","20S","20","2","3",1.204,81.5950401453704
"19","20S","20","2","4",1.179,90.2221202322025
"20","20S","20","2","5",1.364,83.118401097015
"21","20S","37","3","1",0.565,54.3876250026446
"22","20S","37","3","2",0.572,56.7781859478287
"23","20S","37","3","3",0.542,53.82670520093
"24","20S","37","3","4",0.544,52.6403370915571
"25","20S","37","3","5",0.596,54.8695441031281
"26","20S","20","3","1",1.028,85.4295449701376
"27","20S","20","3","2",1.016,78.5828191471282
"28","20S","20","3","3",1.062,80.1244202817323
"29","20S","20","3","4",1.08,88.8515337259208
"30","20S","20","3","5",0.984,87.1471098789125
"31","20S","37","4","1",0.55,48.5335683453086
"32","20S","37","4","2",0.596,53.983665272512
"33","20S","37","4","3",0.572,54.5744973236572
"34","20S","37","4","4",0.489,44.7237616298185
"35","20S","37","4","5",0.562,52.1878346347322
"36","20S","20","4","1",1.033,87.3810156338389
"37","20S","20","4","2",1.276,78.083493753797
"38","20S","20","4","3",1.321,83.6970585007331
"39","20S","20","4","4",1.152,87.6333738694969
"40","20S","20","4","5",1.386,88.0799593896431
"41","20S","37","5","1",0.601,54.6784465418409
"42","20S","37","5","2",0.538,54.7004235602542
"43","20S","37","5","3",0.65,58.0448038096122
"44","20S","37","5","4",0.558,55.8168119501037
"45","20S","37","5","5",0.563,53.307944104378
"46","20S","20","5","1",1.643,96.8157085381702
"47","20S","20","5","2",1.363,81.5575121035085
"48","20S","20","5","3",1.203,72.7958438944925
"49","20S","20","5","4",1.546,96.2052936216315
"50","20S","20","5","5",1.172,91.8752657638429
"51","20S","37","6","1",0.606,59.9244908714455
"52","20S","37","6","2",0.64,63.1418416667479
"53","20S","37","6","3",0.542,57.6947239085192
"54","20S","37","6","4",0.619,61.6203114036118
"55","20S","37","6","5",0.679,67.6212366921375
"56","20S","20","6","1",1.807,106.145137478243
"57","20S","20","6","2",1.315,92.7982403726869
"58","20S","20","6","3",1.082,100.430142914809
"59","20S","20","6","4",1.443,101.922155679367
"60","20S","20","6","5",1.671,104.195581761439
"61","20S","37","7","1",0.626,58.2349146590991
"62","20S","37","7","2",0.539,54.2941616416675
"63","20S","37","7","3",0.566,52.821486493153
"64","20S","37","7","4",0.485,47.6009959356301
"65","20S","37","7","5",0.542,56.0533260588757
"66","20S","20","7","1",1.141,71.3630931941908
"67","20S","20","7","2",1.269,78.6283905583567
"68","20S","20","7","3",1.305,80.9916281386062
"69","20S","20","7","4",1.266,74.1664161766016
"70","20S","20","7","5",1.077,62.1818606166948
"71","20S","37","8","1",0.375,34.8476751191347
"72","20S","37","8","2",0.42,39.2019083395841
"73","20S","37","8","3",0.421,40.6077224934938
"74","20S","37","8","4",0.478,45.4090787878345
"75","20S","37","8","5",0.592,52.2925536160368
"76","20S","20","8","1",1.367,89.5930509793788
"77","20S","20","8","2",1.201,87.8373668991382
"78","20S","20","8","3",1.288,85.5155516754916
"79","20S","20","8","4",1.181,88.1835001916153
"80","20S","20","8","5",1.478,90.8714438707436
"81","20S","37","9","1",0.569,57.6768618878137
"82","20S","37","9","2",0.521,53.8329920463163
"83","20S","37","9","3",0.522,54.3236890656963
"84","20S","37","9","4",0.495,50.7931504147158
"85","20S","37","9","5",0.514,50.1666890287297
"86","20S","20","9","1",1.227,82.7049070804099
"87","20S","20","9","2",1.251,89.2342308197457
"88","20S","20","9","3",1.099,78.5071991247398
"89","20S","20","9","4",1.193,89.4596508850492
"90","20S","20","9","5",1.055,81.742537397817
"91","20S","37","10","1",0.372,10.0455658596118
"92","20S","37","10","2",0.675,56.9674223180291
"93","20S","37","10","3",0.572,58.5858553855619
"94","20S","37","10","4",0.662,57.6303502232819
"95","20S","37","10","5",0.636,67.0192259775434
"96","20S","20","10","1",1.334,92.4624185813284
"97","20S","20","10","2",1.194,80.5754539236651
"98","20S","20","10","3",1.588,92.2848321601012
"99","20S","20","10","4",1.119,73.1677988683237
"100","20S","20","10","5",1.28,88.1135499828702
"101","20S","37","11","1",0.654,64.0521282630339
"102","20S","37","11","2",0.643,62.2884820148888
"103","20S","37","11","3",0.515,47.9976787557798
"104","20S","37","11","4",0.659,65.754561579273
"105","20S","37","11","5",0.582,61.4281944115224
"106","20S","20","11","1",1.291,78.9669525911031
"107","20S","20","11","2",1.401,93.0533967475075
"108","20S","20","11","3",1.212,79.9899368542007
"109","20S","20","11","4",1.387,83.5959223034526
"110","20S","20","11","5",1.269,86.9906643851305
"111","20S","37","12","1",0.632,71.7569441328914
"112","20S","37","12","2",0.679,63.0572877530993
"113","20S","37","12","3",0.594,59.7602229991176
"114","20S","37","12","4",0.629,65.2787932790074
"115","20S","37","12","5",0.598,58.8050284532264
"116","20S","20","12","1",1.048,78.8892846963238
"117","20S","20","12","2",1.117,72.0889582525665
"118","20S","20","12","3",1.144,82.1454633897283
"119","20S","20","12","4",1.092,69.3759448358664
"120","20S","20","12","5",1.204,73.1240344992614
"121","37S","37","1","1",1.475,91.3630456594809
"122","37S","37","1","2",1.223,67.4982450143984
"123","37S","37","1","3",1.534,94.2605680170323
"124","37S","37","1","4",1.456,83.5050399116492
"125","37S","37","1","5",1.06,62.2061372038179
"126","37S","20","1","1",1.089,72.4360461068737
"127","37S","20","1","2",1.049,79.2553036713062
"128","37S","20","1","3",1.221,90.1101802711519
"129","37S","20","1","4",1.083,77.3544880758365
"130","37S","20","1","5",1.269,87.4140870560634
"131","37S","37","2","1",1.261,68.2882826334333
"132","37S","37","2","2",1.47,61.3800803207907
"133","37S","37","2","3",1.208,68.5016297718062
"134","37S","37","2","4",1.179,57.3448844579537
"135","37S","37","2","5",1.143,71.6178965047216
"136","37S","20","2","1",1.155,71.4039816335773
"137","37S","20","2","2",1.015,56.9757521688569
"138","37S","20","2","3",1.139,67.7102991283797
"139","37S","20","2","4",1.052,55.1754587311698
"140","37S","20","2","5",1.315,76.1720207375116
"141","37S","37","3","1",1.482,81.4402866418718
"142","37S","37","3","2",1.314,73.6836338947303
"143","37S","37","3","3",1.293,73.9497054022388
"144","37S","37","3","4",2.011,102.366497138805
"145","37S","37","3","5",1.627,90.629582299655
"146","37S","20","3","1",1.196,78.9378580905382
"147","37S","20","3","2",1.448,105.883345003551
"148","37S","20","3","3",1.475,108.599901950946
"149","37S","20","3","4",1.083,82.8476489120875
"150","37S","20","3","5",1.298,87.13628792074
"151","37S","37","4","1",0.531,51.2981235200057
"152","37S","37","4","2",0.469,57.04567233946
"153","37S","37","4","3",0.418,62.2387116047479
"154","37S","37","4","4",0.766,47.7630361848455
"155","37S","37","4","5",0.269,52.0776022934823
"156","37S","20","4","1",0.912,59.5501008841305
"157","37S","20","4","2",0.952,62.1920892953065
"158","37S","20","4","3",1.045,70.0298163723864
"159","37S","20","4","4",0.87,57.127463172579
"160","37S","20","4","5",0.962,76.1273645599991
"161","37S","37","5","1",1.52,84.8756883372747
"162","37S","37","5","2",1.677,88.4460938198873
"163","37S","37","5","3",1.884,89.5097455624625
"164","37S","37","5","4",1.819,88.6818805955291
"165","37S","37","5","5",1.421,76.8957769509611
"166","37S","20","5","1",0.685,65.8604892525997
"167","37S","20","5","2",0.999,87.251928534124
"168","37S","20","5","3",1.824,110.941638646915
"169","37S","20","5","4",1.043,89.5080188886502
"170","37S","20","5","5",0.966,77.4346749718723
"171","37S","37","6","1",1.978,105.69713835196
"172","37S","37","6","2",2.076,111.8958126076
"173","37S","37","6","3",2.042,97.6469769610692
"174","37S","37","6","4",1.967,90.7475136803043
"175","37S","37","6","5",1.555,83.116064209422
"176","37S","20","6","1",0.998,72.9718011735842
"177","37S","20","6","2",1.825,76.6535705005146
"178","37S","20","6","3",1.247,65.4776740980277
"179","37S","20","6","4",1.586,75.8493043870238
"180","37S","20","6","5",0.935,70.1965680240502
"181","37S","37","7","1",1.965,98.5487261917523
"182","37S","37","7","2",1.751,71.253924022026
"183","37S","37","7","3",1.511,81.761262598063
"184","37S","37","7","4",1.781,89.7398039530785
"185","37S","37","7","5",1.724,92.7743698815842
"186","37S","20","7","1",1.78,66.7682416507205
"187","37S","20","7","2",0.86,70.3075355463033
"188","37S","20","7","3",1.218,71.1356023653963
"189","37S","20","7","4",1.236,74.5981338254143
"190","37S","20","7","5",0.936,76.397225117333
"191","37S","37","8","1",1.574,86.6376239378254
"192","37S","37","8","2",1.643,78.1122840931478
"193","37S","37","8","3",1.504,86.5481029776243
"194","37S","37","8","4",1.556,82.9527250168252
"195","37S","37","8","5",1.719,79.8936123323599
"196","37S","20","8","1",1.029,69.6611960695602
"197","37S","20","8","2",2.05,79.2547611071532
"198","37S","20","8","3",1.121,84.8275647990975
"199","37S","20","8","4",1.885,94.8945055271629
"200","37S","20","8","5",1.028,86.5309672588817
"201","37S","37","9","1",1.668,94.3466846950525
"202","37S","37","9","2",1.806,106.203651481779
"203","37S","37","9","3",1.578,89.1428861725381
"204","37S","37","9","4",1.946,88.835155250775
"205","37S","37","9","5",2.034,89.1476927197065
"206","37S","20","9","1",0.948,64.2876717176533
"207","37S","20","9","2",1.098,67.7638826284442
"208","37S","20","9","3",0.907,58.3338719600228
"209","37S","20","9","4",0.888,62.7083052432059
"210","37S","20","9","5",0.8,56.9996221770986
"211","37S","37","10","1",1.066,68.2521695373168
"212","37S","37","10","2",1.579,117.975567004714
"213","37S","37","10","3",1.222,80.3196120451477
"214","37S","37","10","4",1.626,117.649988888569
"215","37S","37","10","5",1.109,80.8819335221376
"216","37S","20","10","1",1.137,76.6882639067208
"217","37S","20","10","2",1.273,93.0674608673976
"218","37S","20","10","3",0.982,69.6129909933184
"219","37S","20","10","4",1.367,94.1837395449112
"220","37S","20","10","5",1.17,78.8089571121808
"221","37S","37","11","1",1.599,87.7405439764119
"222","37S","37","11","2",1.735,97.4642645595172
"223","37S","37","11","3",1.423,71.938389683598
"224","37S","37","11","4",1.525,91.2187221490477
"225","37S","37","11","5",1.667,78.4812740460532
"226","37S","20","11","1",0.935,74.2123872040107
"227","37S","20","11","2",0.902,65.6309838945561
"228","37S","20","11","3",0.888,68.6743268027256
"229","37S","20","11","4",1.072,69.9488561234552
"230","37S","20","11","5",0.841,60.9395677701803
"231","37S","37","12","1",1.7,100.707222170107
"232","37S","37","12","2",2.116,132.70036014707
"233","37S","37","12","3",1.46,87.7823865406524
"234","37S","37","12","4",1.985,117.847612797406
"235","37S","37","12","5",1.891,105.469996241872
"236","37S","20","12","1",1.035,80.6511933064987
"237","37S","20","12","2",1.022,73.974316881291
"238","37S","20","12","3",1.082,73.2262547578542
"239","37S","20","12","4",1.013,81.5874081175134
"240","37S","20","12","5",1.168,83.4703729122822
"241","P","37","1","1",1.599,100.558189348858
"242","P","37","1","2",1.397,100.695830230456
"243","P","37","1","3",1.785,124.314463996074
"244","P","37","1","4",1.45,97.2632014892046
"245","P","37","1","5",1.717,107.814003551399
"246","P","20","1","1",1.245,81.508082165369
"247","P","20","1","2",1.333,88.4918255271932
"248","P","20","1","3",1.168,91.320230303169
"249","P","20","1","4",1.162,88.0196536423863
"250","P","20","1","5",1.46,101.702545659001
"251","P","37","2","1",1.595,96.0123593933454
"252","P","37","2","2",1.259,82.3264214460893
"253","P","37","2","3",1.52,94.3227715815299
"254","P","37","2","4",1.146,80.0713371283333
"255","P","37","2","5",0.943,63.9652860509175
"256","P","20","2","1",1.283,80.6232554043854
"257","P","20","2","2",1.261,81.5850615296919
"258","P","20","2","3",1.275,82.2773384007163
"259","P","20","2","4",1.293,81.170479479817
"260","P","20","2","5",1.58,84.883244858451
"261","P","37","3","1",0.767,65.1162567670712
"262","P","37","3","2",0.662,54.7261336653373
"263","P","37","3","3",0.564,46.1822741852241
"264","P","37","3","4",0.579,54.1330798816393
"265","P","37","3","5",0.814,78.4604403732334
"266","P","20","3","1",1.04,83.4886062241136
"267","P","20","3","2",0.943,88.3177509250093
"268","P","20","3","3",1.032,91.9009327522934
"269","P","20","3","4",1.019,90.3982246448863
"270","P","20","3","5",1.096,77.0988468714966
"271","P","37","4","1",1.185,89.9779973610806
"272","P","37","4","2",1.355,100.99350129543
"273","P","37","4","3",1.459,106.859934728678
"274","P","37","4","4",1.013,79.4527101046075
"275","P","37","4","5",1.654,122.9669055163
"276","P","20","4","1",1.373,105.528555360485
"277","P","20","4","2",1.239,106.189274643456
"278","P","20","4","3",1.511,103.731224264843
"279","P","20","4","4",1.445,99.1155527745081
"280","P","20","4","5",1.544,100.910923315683
"281","P","37","5","1",1.17,81.7185352721178
"282","P","37","5","2",1.474,108.253328129553
"283","P","37","5","3",1.75,127.032313790108
"284","P","37","5","4",1.388,101.052452946882
"285","P","37","5","5",1.149,80.2477443984229
"286","P","20","5","1",1.198,78.7251920252564
"287","P","20","5","2",1.087,78.1884588103993
"288","P","20","5","3",1.119,72.9813592463819
"289","P","20","5","4",1.143,76.3809773647936
"290","P","20","5","5",1.16,82.4717374001921
"291","P","37","6","1",1.171,95.0890359205581
"292","P","37","6","2",1.418,113.915193237921
"293","P","37","6","3",1.044,90.2322735105283
"294","P","37","6","4",1.138,90.9844401663915
"295","P","37","6","5",1.35,96.6084277603482
"296","P","20","6","1",0.951,76.154352618992
"297","P","20","6","2",1.641,82.6677922143855
"298","P","20","6","3",1.193,77.0196729578726
"299","P","20","6","4",1.368,71.6979813531861
"300","P","20","6","5",0.905,65.8317639730152
"301","P","37","7","1",0.867,67.1510290744827
"302","P","37","7","2",0.957,77.1899658914382
"303","P","37","7","3",0.848,66.9941159512885
"304","P","37","7","4",0.759,62.5640464860374
"305","P","37","7","5",0.88,68.9481820414532
"306","P","20","7","1",0.957,72.3555034928481
"307","P","20","7","2",1.028,83.4977699531357
"308","P","20","7","3",1.194,85.1863273796648
"309","P","20","7","4",1.009,80.4591004901906
"310","P","20","7","5",1.177,87.4976047770775
"311","P","37","8","1",1.034,82.3025561563743
"312","P","37","8","2",0.92,76.895884941557
"313","P","37","8","3",1.109,86.9754300306791
"314","P","37","8","4",1.246,93.425534733584
"315","P","37","8","5",1.119,83.4225273060938
"316","P","20","8","1",1.223,92.7862378241082
"317","P","20","8","2",1.384,81.9420595990436
"318","P","20","8","3",1.123,93.0418945024221
"319","P","20","8","4",1.185,94.9409339204499
"320","P","20","8","5",1.296,95.7550480194973
"321","P","37","9","1",1.446,103.758571727117
"322","P","37","9","2",1.627,109.697365070931
"323","P","37","9","3",1.414,88.4675202194643
"324","P","37","9","4",1.251,87.6718661822935
"325","P","37","9","5",1.159,97.9513615109159
"326","P","20","9","1",1.035,85.0775777752867
"327","P","20","9","2",1.237,87.0413440355298
"328","P","20","9","3",1.225,96.536063959033
"329","P","20","9","4",1.119,90.778380711507
"330","P","20","9","5",1.221,80.2311490537217
"331","P","37","10","1",1.019,78.3967913532178
"332","P","37","10","2",1.214,86.0045789681614
"333","P","37","10","3",1.044,87.1012821339532
"334","P","37","10","4",1.176,81.1578172905961
"335","P","37","10","5",0.993,77.7101860224004
"336","P","20","10","1",1.189,86.7322112425115
"337","P","20","10","2",1.261,89.4376879349684
"338","P","20","10","3",1.115,87.8689694246985
"339","P","20","10","4",1.49,87.5038586798102
"340","P","20","10","5",1.067,79.130526605347
"341","P","37","11","1",0.971,71.3467071362313
"342","P","37","11","2",1.036,79.90264622518
"343","P","37","11","3",1.028,78.4623609521375
"344","P","37","11","4",0.882,68.1224723464154
"345","P","37","11","5",1.04,78.7919522468394
"346","P","20","11","1",1.038,76.9859930288437
"347","P","20","11","2",0.816,65.9676509379115
"348","P","20","11","3",0.738,63.1531541800689
"349","P","20","11","4",0.929,82.9078807547277
"350","P","20","11","5",0.657,62.913682432587
"351","P","37","12","1",0.473,44.7355676718763
"352","P","37","12","2",0.964,76.9340004285418
"353","P","37","12","3",0.405,44.1920637735506
"354","P","37","12","4",0.589,57.0233209549603
"355","P","37","12","5",1.334,95.8747080766322
"356","P","20","12","1",0.696,69.0064602496784
"357","P","20","12","2",1.182,67.3938895182897
"358","P","20","12","3",0.725,66.89246677947
"359","P","20","12","4",0.755,69.2261173265377
"360","P","20","12","5",0.992,63.3240846032056
"361","25S","37","1","1",0.721,60.7165597615006
"362","25S","37","1","2",0.576,56.0895661057336
"363","25S","37","1","3",0.553,53.2876796628996
"364","25S","37","1","4",0.614,55.2622300292188
"365","25S","37","1","5",0.718,58.1892368741341
"366","25S","20","1","1",1.088,87.9611047761532
"367","25S","20","1","2",1.007,77.8475727288055
"368","25S","20","1","3",0.95,75.6210003167034
"369","25S","20","1","4",1.04,79.0413096128475
"370","25S","20","1","5",1.008,66.6242627562993
"371","25S","37","2","1",0.578,52.7567492469767
"372","25S","37","2","2",0.545,55.6392106935053
"373","25S","37","2","3",0.511,48.1799152405562
"374","25S","37","2","4",0.6,56.163457769332
"375","25S","37","2","5",0.671,54.6154558885276
"376","25S","20","2","1",1.047,69.7877719035695
"377","25S","20","2","2",1.002,69.4107942939578
"378","25S","20","2","3",1.018,66.531625731137
"379","25S","20","2","4",1.361,73.9299499078784
"380","25S","20","2","5",0.893,64.7242032305529
"381","25S","37","3","1",0.691,60.4860840233287
"382","25S","37","3","2",0.667,58.9470642662818
"383","25S","37","3","3",0.64,59.0504248808049
"384","25S","37","3","4",0.659,58.8191677728485
"385","25S","37","3","5",0.638,57.3938159648731
"386","25S","20","3","1",1.001,64.7413161827897
"387","25S","20","3","2",0.993,59.605724261151
"388","25S","20","3","3",0.907,61.9678122771244
"389","25S","20","3","4",1.076,69.2027138762688
"390","25S","20","3","5",0.941,66.7273142381103
"391","25S","37","4","1",0.707,60.816756518239
"392","25S","37","4","2",0.718,64.350729778325
"393","25S","37","4","3",0.621,56.1720602772516
"394","25S","37","4","4",0.623,61.9579497132678
"395","25S","37","4","5",0.649,56.2539275599128
"396","25S","20","4","1",0.941,72.8346679725825
"397","25S","20","4","2",0.964,67.2834250668916
"398","25S","20","4","3",0.985,64.2212210710556
"399","25S","20","4","4",1.202,79.164003851542
"400","25S","20","4","5",1.016,67.6199073055666
"401","25S","37","5","1",0.714,63.1616308743016
"402","25S","37","5","2",0.564,54.0601722336449
"403","25S","37","5","3",0.659,61.3877538317236
"404","25S","37","5","4",0.55,54.312019174753
"405","25S","37","5","5",0.593,50.4372623765513
"406","25S","20","5","1",0.974,72.4688142832822
"407","25S","20","5","2",0.956,71.9726893168832
"408","25S","20","5","3",1.008,71.8935714545408
"409","25S","20","5","4",0.969,73.4259723821558
"410","25S","20","5","5",1.161,73.5516003587485
"411","25S","37","6","1",0.537,48.7695687007563
"412","25S","37","6","2",0.556,49.7368961391302
"413","25S","37","6","3",0.49,47.1169909658342
"414","25S","37","6","4",0.562,49.5602297093548
"415","25S","37","6","5",0.557,49.4676716111073
"416","25S","20","6","1",1.068,63.1131263091402
"417","25S","20","6","2",0.835,63.0589551964838
"418","25S","20","6","3",0.988,77.7794689644072
"419","25S","20","6","4",0.974,73.3455167488328
"420","25S","20","6","5",1.075,72.2033908863056
"421","25S","37","7","1",0.718,62.8667009097994
"422","25S","37","7","2",0.583,57.271850175708
"423","25S","37","7","3",0.568,53.5221374478056
"424","25S","37","7","4",0.545,53.5759051550408
"425","25S","37","7","5",0.608,55.5052707627602
"426","25S","20","7","1",0.924,60.9020709067546
"427","25S","20","7","2",0.889,66.2240843010947
"428","25S","20","7","3",0.894,67.1908991275483
"429","25S","20","7","4",0.93,66.0566032279882
"430","25S","20","7","5",0.977,69.6760371667982
"431","25S","37","8","1",0.711,65.6807950485147
"432","25S","37","8","2",0.7,58.4632417857693
"433","25S","37","8","3",0.697,57.1503025252107
"434","25S","37","8","4",0.764,59.5259915943674
"435","25S","37","8","5",0.728,59.4267683633
"436","25S","20","8","1",1.031,67.9079964729194
"437","25S","20","8","2",0.935,63.9446687891622
"438","25S","20","8","3",1.018,67.954010421665
"439","25S","20","8","4",1.019,64.3364029613809
"440","25S","20","8","5",1.103,70.4339334255301
"441","25S","37","9","1",0.636,57.2027154522676
"442","25S","37","9","2",0.675,60.5603170959333
"443","25S","37","9","3",0.587,54.9445176794876
"444","25S","37","9","4",0.602,61.8141586275027
"445","25S","37","9","5",0.664,63.1318729964486
"446","25S","20","9","1",0.821,61.3252830676292
"447","25S","20","9","2",1.005,59.5639058856128
"448","25S","20","9","3",1.028,65.0936505024445
"449","25S","20","9","4",0.851,71.717024640752
"450","25S","20","9","5",0.927,68.997352110363
"451","25S","37","10","1",0.557,55.3660379146957
"452","25S","37","10","2",0.574,51.9558099786433
"453","25S","37","10","3",0.605,59.9948466300714
"454","25S","37","10","4",0.584,50.1365445267455
"455","25S","37","10","5",0.565,54.1021406193715
"456","25S","20","10","1",1.037,76.847120438453
"457","25S","20","10","2",1.179,79.7865575755433
"458","25S","20","10","3",1.042,76.7579114506824
"459","25S","20","10","4",1.189,77.6540964108834
"460","25S","20","10","5",1.104,74.5325166355485
"461","25S","37","11","1",0.61,55.3885875171985
"462","25S","37","11","2",0.649,58.0359828659479
"463","25S","37","11","3",0.593,58.1103005759269
"464","25S","37","11","4",0.64,59.3509889374437
"465","25S","37","11","5",0.599,56.3001754986174
"466","25S","20","11","1",1.089,64.4680070893959
"467","25S","20","11","2",0.91,70.8337844198168
"468","25S","20","11","3",0.985,75.4758507122114
"469","25S","20","11","4",1.057,69.0314939527744
"470","25S","20","11","5",1.036,71.9302092814707
"471","25S","37","12","1",0.582,58.2338807932772
"472","25S","37","12","2",0.686,60.9699700688476
"473","25S","37","12","3",0.558,54.8058703459115
"474","25S","37","12","4",0.604,58.4754413866931
"475","25S","37","12","5",0.695,66.245258183691
"476","25S","20","12","1",0.896,66.4641423904003
"477","25S","20","12","2",0.804,56.5262965863141
"478","25S","20","12","3",0.905,65.7000692642119
"479","25S","20","12","4",0.796,68.0621087353452
"480","25S","20","12","5",0.864,62.2135112410269
